{
    "Border": [
        0.41999998688697815,
        0.41999998688697815,
        0.41999998688697815,
        0.0
    ],
    "BorderShadow": [
        0.0,
        0.0,
        0.0,
        0.0
    ],
    "Button": [
        0.6651583909988403,
        0.5064253807067871,
        0.0,
        1.0
    ],
    "ButtonActive": [
        0.9049773812294006,
        0.7410351634025574,
        0.22522060573101044,
        1.0
    ],
    "ButtonHovered": [
        0.7285068035125732,
        0.5925586819648743,
        0.16482053697109222,
        1.0
    ],
    "CheckMark": [
        0.9909502267837524,
        0.9081575274467468,
        0.3587149977684021,
        1.0
    ],
    "ChildBg": [
        0.10588235408067703,
        0.10588235408067703,
        0.10588235408067703,
        1.0
    ],
    "DockingEmptyBg": [
        1.0,
        0.8358203172683716,
        0.0,
        1.0
    ],
    "DockingPreview": [
        1.0,
        0.814479649066925,
        0.0,
        0.699999988079071
    ],
    "DragDropTarget": [
        0.9800000190734863,
        0.944162905216217,
        0.25999999046325684,
        0.949999988079071
    ],
    "FrameBg": [
        0.9725490212440491,
        0.7372549176216125,
        0.0,
        0.5411764979362488
    ],
    "FrameBgActive": [
        0.9683257937431335,
        0.8262780904769897,
        0.38119611144065857,
        0.5411764979362488
    ],
    "FrameBgHovered": [
        0.9819004535675049,
        0.7862656712532043,
        0.17327654361724854,
        0.5411764979362488
    ],
    "Header": [
        1.0,
        0.814479649066925,
        0.0,
        0.6000000238418579
    ],
    "HeaderActive": [
        1.0,
        0.8932481408119202,
        0.4208144545555115,
        0.6000000238418579
    ],
    "HeaderHovered": [
        0.9954751133918762,
        0.8559969663619995,
        0.23873384296894073,
        0.6000000238418579
    ],
    "MenuBarBg": [
        0.5972850322723389,
        0.45474961400032043,
        0.0,
        1.0
    ],
    "ModalWindowDimBg": [
        0.0784313753247261,
        0.0784313753247261,
        0.0784313753247261,
        0.3490196168422699
    ],
    "NavHighlight": [
        1.0,
        0.9502251148223877,
        0.0,
        1.0
    ],
    "NavWindowingDimBg": [
        0.20000000298023224,
        0.20000000298023224,
        0.20000000298023224,
        0.20000000298023224
    ],
    "NavWindowingHighlight": [
        0.699999988079071,
        0.699999988079071,
        0.699999988079071,
        0.699999988079071
    ],
    "PlotHistogram": [
        0.4699999988079071,
        0.4699999988079071,
        0.4699999988079071,
        1.0
    ],
    "PlotHistogramHovered": [
        0.5899999737739563,
        0.5899999737739563,
        0.5899999737739563,
        1.0
    ],
    "PlotLines": [
        0.6100000143051147,
        0.6100000143051147,
        0.6100000143051147,
        1.0
    ],
    "PlotLinesHovered": [
        0.8600000143051147,
        0.8600000143051147,
        0.8600000143051147,
        1.0
    ],
    "PopupBg": [
        0.09049773216247559,
        0.08967874944210052,
        0.08967874944210052,
        0.9399999976158142
    ],
    "ResizeGrip": [
        0.4699999988079071,
        0.4699999988079071,
        0.4699999988079071,
        0.20000000298023224
    ],
    "ResizeGripActive": [
        0.4699999988079071,
        0.4699999988079071,
        0.4699999988079071,
        0.949999988079071
    ],
    "ResizeGripHovered": [
        0.4699999988079071,
        0.4699999988079071,
        0.4699999988079071,
        0.6700000166893005
    ],
    "ScrollbarBg": [
        0.20361989736557007,
        0.20177718997001648,
        0.20177718997001648,
        0.529411792755127
    ],
    "ScrollbarGrab": [
        0.9819004535675049,
        0.9061082601547241,
        0.404311865568161,
        1.0
    ],
    "ScrollbarGrabActive": [
        0.9954751133918762,
        0.8813629150390625,
        0.11261030286550522,
        1.0
    ],
    "ScrollbarGrabHovered": [
        0.9638009071350098,
        0.873612105846405,
        0.26602646708488464,
        1.0
    ],
    "Separator": [
        1.0,
        0.9773755669593811,
        0.0,
        0.5
    ],
    "SeparatorActive": [
        0.9773755669593811,
        0.965928852558136,
        0.49089905619621277,
        0.6515836715698242
    ],
    "SeparatorHovered": [
        0.9909502267837524,
        0.972169816493988,
        0.1928093135356903,
        0.6742081642150879
    ],
    "SliderGrab": [
        1.0,
        0.867088794708252,
        0.0,
        1.0
    ],
    "SliderGrabActive": [
        0.9361701011657715,
        1.0,
        0.0,
        1.0
    ],
    "Tab": [
        0.4699999988079071,
        0.4699999988079071,
        0.4699999988079071,
        0.6000000238418579
    ],
    "TabActive": [
        0.6899999976158142,
        0.6899999976158142,
        0.6899999976158142,
        1.0
    ],
    "TabHovered": [
        0.6100000143051147,
        0.6100000143051147,
        0.6100000143051147,
        0.800000011920929
    ],
    "TabUnfocused": [
        0.4699999988079071,
        0.4699999988079071,
        0.4699999988079071,
        0.6000000238418579
    ],
    "TabUnfocusedActive": [
        0.6100000143051147,
        0.6100000143051147,
        0.6100000143051147,
        0.800000011920929
    ],
    "TableBorderLight": [
        0.3100000023841858,
        0.3100000023841858,
        0.3100000023841858,
        1.0
    ],
    "TableBorderStrong": [
        0.38999998569488525,
        0.38999998569488525,
        0.38999998569488525,
        1.0
    ],
    "TableHeaderBg": [
        0.14000000059604645,
        0.14000000059604645,
        0.14000000059604645,
        1.0
    ],
    "TableRowBg": [
        0.0,
        0.0,
        0.0,
        0.0
    ],
    "TableRowBgAlt": [
        0.07000000029802322,
        0.07000000029802322,
        0.07000000029802322,
        0.11999999731779099
    ],
    "Text": [
        1.0,
        0.9999992251396179,
        0.9999899864196777,
        1.0
    ],
    "TextDisabled": [
        0.9909502267837524,
        0.9773894548416138,
        0.4214901030063629,
        1.0
    ],
    "TextSelectedBg": [
        1.0,
        0.7873303294181824,
        0.0,
        1.0
    ],
    "TitleBg": [
        0.0784313753247261,
        0.0784313753247261,
        0.0784313753247261,
        0.800000011920929
    ],
    "TitleBgActive": [
        0.10588235408067703,
        0.10588235408067703,
        0.10588235408067703,
        1.0
    ],
    "TitleBgCollapsed": [
        0.12999999523162842,
        0.12999999523162842,
        0.12999999523162842,
        0.5099999904632568
    ],
    "WindowBg": [
        0.9864253401756287,
        0.8649202585220337,
        0.4151020348072052,
        1.0
    ]
}