{
    "Border": [
        0.41999998688697815,
        0.41999998688697815,
        0.41999998688697815,
        0.5
    ],
    "BorderShadow": [
        0.0,
        0.0,
        0.0,
        0.0
    ],
    "Button": [
        0.27351436018943787,
        0.31162992119789124,
        0.45454543828964233,
        1.0
    ],
    "ButtonActive": [
        0.297820508480072,
        0.34084540605545044,
        0.5021644830703735,
        1.0
    ],
    "ButtonHovered": [
        0.3313281536102295,
        0.3800560235977173,
        0.5627706050872803,
        1.0
    ],
    "CheckMark": [
        0.8600000143051147,
        0.8600000143051147,
        0.8600000143051147,
        1.0
    ],
    "ChildBg": [
        0.11999999731779099,
        0.11999999731779099,
        0.11999999731779099,
        0.0
    ],
    "CustomButton": [
        0.0,
        0.0,
        0.0,
        0.0
    ],
    "CustomButtonActive": [
        0.0,
        0.0,
        0.0,
        0.0
    ],
    "CustomButtonHovered": [
        0.0,
        0.0,
        0.0,
        0.0
    ],
    "DockingEmptyBg": [
        0.35686275362968445,
        0.3764705955982208,
        0.47058823704719543,
        0.8138527870178223
    ],
    "DockingPreview": [
        0.35686275362968445,
        0.3764705955982208,
        0.47058823704719543,
        0.8441558480262756
    ],
    "DragDropTarget": [
        0.5411764979362488,
        0.6784313917160034,
        0.95686274766922,
        0.8917748928070068
    ],
    "FrameBg": [
        0.35686275362968445,
        0.3764705955982208,
        0.47058823704719543,
        0.43290042877197266
    ],
    "FrameBgActive": [
        0.35686275362968445,
        0.3764705955982208,
        0.47058823704719543,
        0.822510838508606
    ],
    "FrameBgHovered": [
        0.35686275362968445,
        0.3764705955982208,
        0.47058823704719543,
        0.6666666269302368
    ],
    "Header": [
        0.6470588445663452,
        0.6784313917160034,
        0.7960784435272217,
        0.6580086946487427
    ],
    "HeaderActive": [
        0.5686274766921997,
        0.6039215922355652,
        0.7450980544090271,
        0.8831169009208679
    ],
    "HeaderHovered": [
        0.5673056840896606,
        0.6046295762062073,
        0.7445887327194214,
        0.826839804649353
    ],
    "MenuBarBg": [
        0.11764705926179886,
        0.125490203499794,
        0.1882352977991104,
        1.0
    ],
    "ModalWindowDimBg": [
        0.11764705926179886,
        0.125490203499794,
        0.1882352977991104,
        0.3490196168422699
    ],
    "NavHighlight": [
        0.5411764979362488,
        0.6784313917160034,
        0.95686274766922,
        1.0
    ],
    "NavWindowingDimBg": [
        0.20000000298023224,
        0.20000000298023224,
        0.20000000298023224,
        0.20000000298023224
    ],
    "NavWindowingHighlight": [
        0.699999988079071,
        0.699999988079071,
        0.699999988079071,
        0.699999988079071
    ],
    "PlotHistogram": [
        0.4699999988079071,
        0.4699999988079071,
        0.4699999988079071,
        1.0
    ],
    "PlotHistogramHovered": [
        0.5899999737739563,
        0.5899999737739563,
        0.5899999737739563,
        1.0
    ],
    "PlotLines": [
        1.0,
        0.9999899864196777,
        0.9999899864196777,
        1.0
    ],
    "PlotLinesHovered": [
        0.8600000143051147,
        0.8600000143051147,
        0.8600000143051147,
        1.0
    ],
    "PopupBg": [
        0.11764705926179886,
        0.125490203499794,
        0.1882352977991104,
        0.8571428656578064
    ],
    "ResizeGrip": [
        0.4699999988079071,
        0.4699999988079071,
        0.4699999988079071,
        0.20000000298023224
    ],
    "ResizeGripActive": [
        0.4699999988079071,
        0.4699999988079071,
        0.4699999988079071,
        0.949999988079071
    ],
    "ResizeGripHovered": [
        0.4699999988079071,
        0.4699999988079071,
        0.4699999988079071,
        0.6700000166893005
    ],
    "ScrollbarBg": [
        0.21176470816135406,
        0.22745098173618317,
        0.30980393290519714,
        0.5367965698242188
    ],
    "ScrollbarGrab": [
        0.21176470816135406,
        0.22745098173618317,
        0.30980393290519714,
        1.0
    ],
    "ScrollbarGrabActive": [
        0.4313725531101227,
        0.45098039507865906,
        0.5529412031173706,
        0.7445887327194214
    ],
    "ScrollbarGrabHovered": [
        0.4313725531101227,
        0.45098039507865906,
        0.5529412031173706,
        0.463203489780426
    ],
    "Separator": [
        0.4313725531101227,
        0.45098039507865906,
        0.5529412031173706,
        0.4891774654388428
    ],
    "SeparatorActive": [
        0.4313725531101227,
        0.45098039507865906,
        0.5529412031173706,
        1.0
    ],
    "SeparatorHovered": [
        0.4313725531101227,
        0.45098039507865906,
        0.5529412031173706,
        0.7792207598686218
    ],
    "SliderGrab": [
        0.4699999988079071,
        0.4699999988079071,
        0.4699999988079071,
        1.0
    ],
    "SliderGrabActive": [
        0.5600000023841858,
        0.5600000023841858,
        0.5600000023841858,
        1.0
    ],
    "Tab": [
        0.2862745225429535,
        0.3019607961177826,
        0.3921568691730499,
        0.5930736064910889
    ],
    "TabActive": [
        0.2862745225429535,
        0.3019607961177826,
        0.3921568691730499,
        1.0
    ],
    "TabHovered": [
        0.2862745225429535,
        0.3019607961177826,
        0.3921568691730499,
        0.8181818127632141
    ],
    "TabUnfocused": [
        0.21176470816135406,
        0.22745098173618317,
        0.30980393290519714,
        1.0
    ],
    "TabUnfocusedActive": [
        0.21176470816135406,
        0.22745098173618317,
        0.30980393290519714,
        0.8571428656578064
    ],
    "TableBorderLight": [
        1.0,
        0.0,
        0.0,
        1.0
    ],
    "TableBorderStrong": [
        9.999999974752427e-07,
        9.999899930335232e-07,
        9.999899930335232e-07,
        1.0
    ],
    "TableHeaderBg": [
        9.999999974752427e-07,
        0.0,
        0.0,
        1.0
    ],
    "TableRowBg": [
        0.0,
        0.0,
        0.0,
        0.0
    ],
    "TableRowBgAlt": [
        0.07000000029802322,
        0.07000000029802322,
        0.07000000029802322,
        0.11999999731779099
    ],
    "Text": [
        0.7921568751335144,
        0.8274509906768799,
        0.9607843160629272,
        1.0
    ],
    "TextDisabled": [
        0.5764706134796143,
        0.6039215922355652,
        0.7176470756530762,
        1.0
    ],
    "TextSelectedBg": [
        0.5411764979362488,
        0.6784313917160034,
        0.95686274766922,
        0.5974025726318359
    ],
    "TitleBg": [
        0.0941176488995552,
        0.09803921729326248,
        0.14901961386203766,
        1.0
    ],
    "TitleBgActive": [
        0.0941176488995552,
        0.09803921729326248,
        0.14901961386203766,
        1.0
    ],
    "TitleBgCollapsed": [
        0.0941176488995552,
        0.09803921729326248,
        0.14901961386203766,
        1.0
    ],
    "WindowBg": [
        0.11764705926179886,
        0.125490203499794,
        0.1882352977991104,
        1.0
    ]
}