{
    "Border": [
        0.24736154079437256,
        0.5475113391876221,
        0.1684650182723999,
        0.0
    ],
    "BorderShadow": [
        0.6471768021583557,
        0.9683257937431335,
        0.40310391783714294,
        0.0
    ],
    "Button": [
        0.43930304050445557,
        0.6742081642150879,
        0.4478062093257904,
        0.7686274647712708
    ],
    "ButtonActive": [
        0.8506787419319153,
        1.0,
        0.8556556701660156,
        0.7686274647712708
    ],
    "ButtonHovered": [
        0.5756638646125793,
        0.8959276080131531,
        0.5863388776779175,
        0.7686274647712708
    ],
    "CheckMark": [
        0.9819004535675049,
        0.17771953344345093,
        0.17771953344345093,
        1.0
    ],
    "ChildBg": [
        0.5882352590560913,
        0.1304231882095337,
        0.1304231882095337,
        1.0
    ],
    "DockingEmptyBg": [
        0.40117931365966797,
        0.9140271544456482,
        0.4070070683956146,
        1.0
    ],
    "DockingPreview": [
        0.0,
        0.4389140009880066,
        0.06355315446853638,
        0.699999988079071
    ],
    "DragDropTarget": [
        0.47034716606140137,
        0.8461538553237915,
        0.40201878547668457,
        0.949999988079071
    ],
    "FrameBg": [
        0.47843137383461,
        0.6235294342041016,
        0.48235294222831726,
        1.0
    ],
    "FrameBgActive": [
        0.38556617498397827,
        0.8099547624588013,
        0.23455701768398285,
        0.6700000166893005
    ],
    "FrameBgHovered": [
        0.570279061794281,
        0.7828054428100586,
        0.5775238275527954,
        1.0
    ],
    "Header": [
        0.43921568989753723,
        0.6745098233222961,
        0.4470588266849518,
        0.7686274647712708
    ],
    "HeaderActive": [
        0.43921568989753723,
        0.6745098233222961,
        0.4470588266849518,
        0.7686274647712708
    ],
    "HeaderHovered": [
        0.5690301060676575,
        0.8733031749725342,
        0.5791725516319275,
        0.7686274647712708
    ],
    "MenuBarBg": [
        0.47843137383461,
        0.6235294342041016,
        0.48235294222831726,
        1.0
    ],
    "ModalWindowDimBg": [
        1.0,
        0.9999899864196777,
        0.9999899864196777,
        0.3490196168422699
    ],
    "NavHighlight": [
        0.9954751133918762,
        0.9954651594161987,
        0.9954651594161987,
        1.0
    ],
    "NavWindowingDimBg": [
        0.6733971834182739,
        0.9411764740943909,
        0.6345488429069519,
        0.20000000298023224
    ],
    "NavWindowingHighlight": [
        0.6344983577728271,
        0.9864253401756287,
        0.6070309281349182,
        0.699999988079071
    ],
    "PlotHistogram": [
        0.23335260152816772,
        0.48868775367736816,
        0.11498534679412842,
        1.0
    ],
    "PlotHistogramHovered": [
        0.11212000995874405,
        0.4208144545555115,
        0.01713723875582218,
        1.0
    ],
    "PlotLines": [
        0.6691489815711975,
        0.9728506803512573,
        0.6250895261764526,
        1.0
    ],
    "PlotLinesHovered": [
        0.3581007719039917,
        0.7194570302963257,
        0.3711816072463989,
        1.0
    ],
    "PopupBg": [
        0.38295692205429077,
        0.5067873001098633,
        0.38630324602127075,
        1.0
    ],
    "ResizeGrip": [
        1.0,
        0.4389140009880066,
        0.4389140009880066,
        0.20000000298023224
    ],
    "ResizeGripActive": [
        0.9954751133918762,
        0.684670627117157,
        0.684670627117157,
        0.949999988079071
    ],
    "ResizeGripHovered": [
        1.0,
        0.4389140009880066,
        0.4389140009880066,
        0.6700000166893005
    ],
    "ScrollbarBg": [
        0.4831850826740265,
        0.6742081642150879,
        0.44845521450042725,
        1.0
    ],
    "ScrollbarGrab": [
        0.809911847114563,
        1.0,
        0.8009049892425537,
        1.0
    ],
    "ScrollbarGrabActive": [
        0.3985086679458618,
        0.9909502267837524,
        0.31387561559677124,
        1.0
    ],
    "ScrollbarGrabHovered": [
        0.6994937658309937,
        0.9909502267837524,
        0.6098154783248901,
        1.0
    ],
    "Separator": [
        1.0,
        0.38009047508239746,
        0.38009047508239746,
        0.5
    ],
    "SeparatorActive": [
        1.0,
        0.6832579374313354,
        0.6832579374313354,
        1.0
    ],
    "SeparatorHovered": [
        0.9909502267837524,
        0.4842652380466461,
        0.4842652380466461,
        0.7799999713897705
    ],
    "SliderGrab": [
        0.8117647171020508,
        1.0,
        0.800000011920929,
        1.0
    ],
    "SliderGrabActive": [
        0.7742872834205627,
        1.0,
        0.7601810097694397,
        1.0
    ],
    "Tab": [
        0.35769349336624146,
        0.7013574838638306,
        0.3078356087207794,
        0.6000000238418579
    ],
    "TabActive": [
        0.6444974541664124,
        0.9954751133918762,
        0.6171045303344727,
        1.0
    ],
    "TabHovered": [
        0.5283718705177307,
        0.9095022678375244,
        0.5103089213371277,
        0.800000011920929
    ],
    "TabUnfocused": [
        0.8052218556404114,
        0.9909502267837524,
        0.7846891283988953,
        0.6000000238418579
    ],
    "TabUnfocusedActive": [
        0.5964903831481934,
        0.8054298758506775,
        0.550316333770752,
        0.800000011920929
    ],
    "TableBorderLight": [
        0.8868778347969055,
        1.0,
        0.8879015445709229,
        1.0
    ],
    "TableBorderStrong": [
        0.7523592710494995,
        1.0,
        0.7330316305160522,
        1.0
    ],
    "TableHeaderBg": [
        0.18407824635505676,
        0.27601808309555054,
        0.17360414564609528,
        1.0
    ],
    "TableRowBg": [
        0.5436620712280273,
        1.0,
        0.49321264028549194,
        0.0
    ],
    "TableRowBgAlt": [
        0.771401047706604,
        1.0,
        0.6515836715698242,
        0.11999999731779099
    ],
    "Text": [
        1.0,
        0.9999899864196777,
        0.9999899864196777,
        1.0
    ],
    "TextDisabled": [
        0.9999926686286926,
        1.0,
        0.9999899864196777,
        1.0
    ],
    "TextSelectedBg": [
        0.696643590927124,
        0.9864253401756287,
        0.6829098463058472,
        0.6000000238418579
    ],
    "TitleBg": [
        0.5882352590560913,
        0.17567205429077148,
        0.17567205429077148,
        1.0
    ],
    "TitleBgActive": [
        0.6199095249176025,
        0.15708114206790924,
        0.15708114206790924,
        1.0
    ],
    "TitleBgCollapsed": [
        0.918552041053772,
        0.32003846764564514,
        0.32003846764564514,
        1.0
    ],
    "WindowBg": [
        0.16903828084468842,
        0.4343891143798828,
        0.17143963277339935,
        1.0
    ]
}
