{
    "Border": [
        0.0,
        0.09052729606628418,
        1.0,
        0.0
    ],
    "BorderShadow": [
        0.0,
        0.009049654006958008,
        1.0,
        0.0
    ],
    "Button": [
        0.0,
        0.3739131987094879,
        0.7511312365531921,
        0.7686274647712708
    ],
    "ButtonActive": [
        0.28807762265205383,
        0.6157038807868958,
        0.9502262473106384,
        0.7686274647712708
    ],
    "ButtonHovered": [
        0.15642595291137695,
        0.5066593289375305,
        0.8642534017562866,
        0.7686274647712708
    ],
    "CheckMark": [
        9.999899930335232e-07,
        9.999952226280584e-07,
        9.999999974752427e-07,
        1.0
    ],
    "ChildBg": [
        9.999899930335232e-07,
        9.99994540507032e-07,
        9.999999974752427e-07,
        1.0
    ],
    "DockingEmptyBg": [
        0.2365635335445404,
        0.7319515347480774,
        0.9864253401756287,
        1.0
    ],
    "DockingPreview": [
        0.31057921051979065,
        0.6627621650695801,
        0.8914027214050293,
        0.699999988079071
    ],
    "DragDropTarget": [
        0.19639235734939575,
        0.7183206677436829,
        0.9864253401756287,
        1.0
    ],
    "FrameBg": [
        0.21162545680999756,
        0.42356204986572266,
        0.615384578704834,
        1.0
    ],
    "FrameBgActive": [
        0.422595739364624,
        0.741311252117157,
        0.9728506803512573,
        0.5411764979362488
    ],
    "FrameBgHovered": [
        0.355684757232666,
        0.6484343409538269,
        0.9140271544456482,
        1.0
    ],
    "Header": [
        0.1402510106563568,
        0.37760549783706665,
        0.6199095249176025,
        0.7686274647712708
    ],
    "HeaderActive": [
        0.2555844485759735,
        0.5104522109031677,
        0.773755669593811,
        0.7686274647712708
    ],
    "HeaderHovered": [
        0.2077762484550476,
        0.4883772134780884,
        0.7782805562019348,
        0.7686274647712708
    ],
    "MenuBarBg": [
        9.999899930335232e-07,
        9.999943131333566e-07,
        9.999999974752427e-07,
        1.0
    ],
    "ModalWindowDimBg": [
        0.0784313753247261,
        0.0784313753247261,
        0.0784313753247261,
        0.3490196168422699
    ],
    "NavHighlight": [
        0.40723979473114014,
        0.8471238613128662,
        1.0,
        1.0
    ],
    "NavWindowingDimBg": [
        0.20000000298023224,
        0.20000000298023224,
        0.20000000298023224,
        0.20000000298023224
    ],
    "NavWindowingHighlight": [
        0.699999988079071,
        0.699999988079071,
        0.699999988079071,
        0.699999988079071
    ],
    "PlotHistogram": [
        0.4699999988079071,
        0.4699999988079071,
        0.4699999988079071,
        1.0
    ],
    "PlotHistogramHovered": [
        0.5899999737739563,
        0.5899999737739563,
        0.5899999737739563,
        1.0
    ],
    "PlotLines": [
        0.6100000143051147,
        0.6100000143051147,
        0.6100000143051147,
        1.0
    ],
    "PlotLinesHovered": [
        0.8600000143051147,
        0.8600000143051147,
        0.8600000143051147,
        1.0
    ],
    "PopupBg": [
        0.3387317955493927,
        0.5786705017089844,
        0.7963801026344299,
        1.0
    ],
    "ResizeGrip": [
        0.3998689353466034,
        0.8159855604171753,
        0.9819004535675049,
        0.20000000298023224
    ],
    "ResizeGripActive": [
        0.4699999988079071,
        0.4699999988079071,
        0.4699999988079071,
        0.949999988079071
    ],
    "ResizeGripHovered": [
        0.4699999988079071,
        0.4699999988079071,
        0.4699999988079071,
        0.6700000166893005
    ],
    "ScrollbarBg": [
        9.999918120229268e-07,
        9.999899930335232e-07,
        9.999999974752427e-07,
        0.9954751133918762
    ],
    "ScrollbarGrab": [
        0.3493785858154297,
        0.6775435209274292,
        0.9773755669593811,
        1.0
    ],
    "ScrollbarGrabActive": [
        0.0,
        0.5243232250213623,
        1.0,
        1.0
    ],
    "ScrollbarGrabHovered": [
        0.17487356066703796,
        0.6027976870536804,
        0.9909502267837524,
        1.0
    ],
    "Separator": [
        0.0,
        0.6063716411590576,
        1.0,
        0.501960813999176
    ],
    "SeparatorActive": [
        0.49990782141685486,
        0.7956375479698181,
        0.9864253401756287,
        0.501960813999176
    ],
    "SeparatorHovered": [
        0.28566160798072815,
        0.7116265296936035,
        0.9864253401756287,
        0.501960813999176
    ],
    "SliderGrab": [
        0.24880734086036682,
        0.6336916089057922,
        0.9819004535675049,
        1.0
    ],
    "SliderGrabActive": [
        0.0,
        0.5250184535980225,
        1.0,
        1.0
    ],
    "Tab": [
        0.3814418613910675,
        0.7030112743377686,
        0.9366515874862671,
        0.6000000238418579
    ],
    "TabActive": [
        0.0,
        0.6877827644348145,
        1.0,
        1.0
    ],
    "TabHovered": [
        0.6100000143051147,
        0.6100000143051147,
        0.6100000143051147,
        0.800000011920929
    ],
    "TabUnfocused": [
        0.4699999988079071,
        0.4699999988079071,
        0.4699999988079071,
        0.6000000238418579
    ],
    "TabUnfocusedActive": [
        0.6100000143051147,
        0.6100000143051147,
        0.6100000143051147,
        0.800000011920929
    ],
    "TableBorderLight": [
        0.3100000023841858,
        0.3100000023841858,
        0.3100000023841858,
        1.0
    ],
    "TableBorderStrong": [
        0.38999998569488525,
        0.38999998569488525,
        0.38999998569488525,
        1.0
    ],
    "TableHeaderBg": [
        0.14000000059604645,
        0.14000000059604645,
        0.14000000059604645,
        1.0
    ],
    "TableRowBg": [
        0.0,
        0.0,
        0.0,
        0.0
    ],
    "TableRowBgAlt": [
        0.07000000029802322,
        0.07000000029802322,
        0.07000000029802322,
        0.11999999731779099
    ],
    "Text": [
        0.773755669593811,
        0.9596025943756104,
        1.0,
        1.0
    ],
    "TextDisabled": [
        0.6199095249176025,
        0.7988588809967041,
        1.0,
        1.0
    ],
    "TextSelectedBg": [
        0.23547837138175964,
        0.8704679012298584,
        0.9819004535675049,
        1.0
    ],
    "TitleBg": [
        0.10245490074157715,
        0.13910238444805145,
        0.16289591789245605,
        0.800000011920929
    ],
    "TitleBgActive": [
        9.999899930335232e-07,
        9.999936310123303e-07,
        9.999999974752427e-07,
        0.9683257937431335
    ],
    "TitleBgCollapsed": [
        0.18099546432495117,
        0.17526257038116455,
        0.17526257038116455,
        0.5099999904632568
    ],
    "WindowBg": [
        0.4117647111415863,
        0.6313725709915161,
        0.8117647171020508,
        1.0
    ]
}
