{
    "Border": [
        0.26274511218070984,
        0.27450981736183167,
        0.3686274588108063,
        0.5411764979362488
    ],
    "BorderShadow": [
        0.34317198395729065,
        0.3574717044830322,
        0.47186148166656494,
        0.5411764979362488
    ],
    "Button": [
        0.26274511218070984,
        0.27450981736183167,
        0.3686274588108063,
        0.5411764979362488
    ],
    "ButtonActive": [
        0.6689716577529907,
        0.6999815106391907,
        0.948051929473877,
        0.5411764979362488
    ],
    "ButtonHovered": [
        0.5137255191802979,
        0.5372549295425415,
        0.7137255072593689,
        0.5411764979362488
    ],
    "CheckMark": [
        0.8600000143051147,
        0.8600000143051147,
        0.8600000143051147,
        1.0
    ],
    "ChildBg": [
        0.12156862765550613,
        0.12156862765550613,
        0.12156862765550613,
        0.0
    ],
    "CustomButton": [
        0.26274511218070984,
        0.27450981736183167,
        0.3686274588108063,
        0.5411764979362488
    ],
    "CustomButtonActive": [
        0.6705882549285889,
        0.6980392336845398,
        0.9490196108818054,
        0.5411764979362488
    ],
    "CustomButtonHovered": [
        0.5137255191802979,
        0.5372549295425415,
        0.7137255072593689,
        0.5411764979362488
    ],
    "DockingEmptyBg": [
        0.6999306678771973,
        0.7284632921218872,
        0.9567099809646606,
        0.5411764979362488
    ],
    "DockingPreview": [
        0.26274511218070984,
        0.27450981736183167,
        0.3686274588108063,
        0.5411764979362488
    ],
    "DragDropTarget": [
        0.39388319849967957,
        0.458851158618927,
        0.9783549904823303,
        0.5411764979362488
    ],
    "FrameBg": [
        0.26274511218070984,
        0.27450981736183167,
        0.3686274588108063,
        0.5411764979362488
    ],
    "FrameBgActive": [
        0.5300125479698181,
        0.5471206307411194,
        0.6839826703071594,
        0.5411764979362488
    ],
    "FrameBgHovered": [
        0.3778040409088135,
        0.39354702830314636,
        0.5194805264472961,
        0.5411764979362488
    ],
    "Header": [
        0.5137255191802979,
        0.5372549295425415,
        0.7137255072593689,
        0.5411764979362488
    ],
    "HeaderActive": [
        0.6705882549285889,
        0.6980392336845398,
        0.9490196108818054,
        0.5411764979362488
    ],
    "HeaderHovered": [
        0.5137255191802979,
        0.5372549295425415,
        0.7137255072593689,
        0.5411764979362488
    ],
    "MenuBarBg": [
        0.26274511218070984,
        0.27450981736183167,
        0.3686274588108063,
        0.5411764979362488
    ],
    "ModalWindowDimBg": [
        0.800000011920929,
        0.800000011920929,
        0.800000011920929,
        0.3499999940395355
    ],
    "NavHighlight": [
        0.6394370794296265,
        0.6785531640052795,
        0.9913420081138611,
        0.5411764979362488
    ],
    "NavWindowingDimBg": [
        0.20000000298023224,
        0.20000000298023224,
        0.20000000298023224,
        0.20000000298023224
    ],
    "NavWindowingHighlight": [
        0.699999988079071,
        0.699999988079071,
        0.699999988079071,
        0.699999988079071
    ],
    "PlotHistogram": [
        0.4699999988079071,
        0.4699999988079071,
        0.4699999988079071,
        1.0
    ],
    "PlotHistogramHovered": [
        0.5899999737739563,
        0.5899999737739563,
        0.5899999737739563,
        1.0
    ],
    "PlotLines": [
        0.6100000143051147,
        0.6100000143051147,
        0.6100000143051147,
        1.0
    ],
    "PlotLinesHovered": [
        0.8600000143051147,
        0.8600000143051147,
        0.8600000143051147,
        1.0
    ],
    "PopupBg": [
        0.26274511218070984,
        0.27450981736183167,
        0.3686274588108063,
        0.5411764979362488
    ],
    "ResizeGrip": [
        0.5137255191802979,
        0.5372549295425415,
        0.7137255072593689,
        0.5411764979362488
    ],
    "ResizeGripActive": [
        0.8004722595214844,
        0.818010151386261,
        0.9783549904823303,
        0.5411764979362488
    ],
    "ResizeGripHovered": [
        0.6705882549285889,
        0.6980392336845398,
        0.9490196108818054,
        0.5411764979362488
    ],
    "ScrollbarBg": [
        0.3997301161289215,
        0.4202519953250885,
        0.5844155550003052,
        0.5411764979362488
    ],
    "ScrollbarGrab": [
        0.7933884263038635,
        0.8148897290229797,
        0.9696969985961914,
        0.5411764979362488
    ],
    "ScrollbarGrabActive": [
        0.9999899864196777,
        0.9999911189079285,
        1.0,
        0.5411764979362488
    ],
    "ScrollbarGrabHovered": [
        0.8933489918708801,
        0.9032793045043945,
        0.9826839566230774,
        0.5411764979362488
    ],
    "Separator": [
        0.6705882549285889,
        0.6980392336845398,
        0.9490196108818054,
        0.5411764979362488
    ],
    "SeparatorActive": [
        0.8767077326774597,
        0.8867293000221252,
        0.9783549904823303,
        0.5411764979362488
    ],
    "SeparatorHovered": [
        0.7689511179924011,
        0.788316547870636,
        0.9653679728507996,
        0.5411764979362488
    ],
    "SliderGrab": [
        0.26274511218070984,
        0.27450981736183167,
        0.3686274588108063,
        0.5411764979362488
    ],
    "SliderGrabActive": [
        0.5316991806030273,
        0.5515056252479553,
        0.709956705570221,
        0.5411764979362488
    ],
    "Tab": [
        0.4699999988079071,
        0.4699999988079071,
        0.4699999988079071,
        0.6000000238418579
    ],
    "TabActive": [
        0.6899999976158142,
        0.6899999976158142,
        0.6899999976158142,
        1.0
    ],
    "TabHovered": [
        0.6100000143051147,
        0.6100000143051147,
        0.6100000143051147,
        0.800000011920929
    ],
    "TabUnfocused": [
        0.4699999988079071,
        0.4699999988079071,
        0.4699999988079071,
        0.6000000238418579
    ],
    "TabUnfocusedActive": [
        0.6100000143051147,
        0.6100000143051147,
        0.6100000143051147,
        0.800000011920929
    ],
    "TableBorderLight": [
        0.3100000023841858,
        0.3100000023841858,
        0.3100000023841858,
        1.0
    ],
    "TableBorderStrong": [
        0.38999998569488525,
        0.38999998569488525,
        0.38999998569488525,
        1.0
    ],
    "TableHeaderBg": [
        0.14000000059604645,
        0.14000000059604645,
        0.14000000059604645,
        1.0
    ],
    "TableRowBg": [
        0.0,
        0.0,
        0.0,
        0.0
    ],
    "TableRowBgAlt": [
        0.07000000029802322,
        0.07000000029802322,
        0.07000000029802322,
        0.11999999731779099
    ],
    "Text": [
        1.0,
        0.9999899864196777,
        0.9999899864196777,
        1.0
    ],
    "TextDisabled": [
        1.0,
        0.9999899864196777,
        0.9999899864196777,
        1.0
    ],
    "TextSelectedBg": [
        0.30780908465385437,
        0.38185784220695496,
        0.9740259647369385,
        0.5411764979362488
    ],
    "TitleBg": [
        0.4030846357345581,
        0.4242002069950104,
        0.5930736064910889,
        0.5411764979362488
    ],
    "TitleBgActive": [
        0.26274511218070984,
        0.27450981736183167,
        0.3686274588108063,
        0.5411764979362488
    ],