{
    "Border": [
        0.41960784792900085,
        0.41960784792900085,
        0.41960784792900085,
        0.0
    ],
    "BorderShadow": [
        0.0,
        0.0,
        0.0,
        0.0
    ],
    "Button": [
        0.13446909189224243,
        0.13446909189224243,
        0.14572972059249878,
        1.0
    ],
    "ButtonActive": [
        0.0,
        0.0,
        0.0,
        1.0
    ],
    "ButtonHovered": [
        0.09743994474411011,
        0.09743994474411011,
        0.107094407081604,
        1.0
    ],
    "CheckMark": [
        0.8600000143051147,
        0.8600000143051147,
        0.8600000143051147,
        1.0
    ],
    "ChildBg": [
        0.21176470816135406,
        0.21568627655506134,
        0.24313725531101227,
        1.0
    ],
    "DockingEmptyBg": [
        0.20000000298023224,
        0.20000000298023224,
        0.20000000298023224,
        1.0
    ],
    "DockingPreview": [
        0.3294117748737335,
        0.3294117748737335,
        0.3294117748737335,
        0.7019608020782471
    ],
    "DragDropTarget": [
        0.3450980484485626,
        0.3960784375667572,
        0.9490196108818054,
        1.0
    ],
    "FrameBg": [
        0.1412379890680313,
        0.1412379890680313,
        0.16078431904315948,
        1.0
    ],
    "FrameBgActive": [
        0.47058823704719543,
        0.47058823704719543,
        0.47058823704719543,
        0.6705882549285889
    ],
    "FrameBgHovered": [
        0.1411764770746231,
        0.1411764770746231,
        0.16078431904315948,
        1.0
    ],
    "Header": [
        0.5764706134796143,
        0.6549019813537598,
        0.9921568632125854,
        1.0
    ],
    "HeaderActive": [
        0.4156862795352936,
        0.47058823704719543,
        0.7137255072593689,
        1.0
    ],
    "HeaderHovered": [
        0.41424065828323364,
        0.4706142842769623,
        0.7137255072593689,
        1.0
    ],
    "MenuBarBg": [
        0.10196078568696976,
        0.10196078568696976,
        0.10196078568696976,
        1.0
    ],
    "ModalWindowDimBg": [
        0.21176470816135406,
        0.21960784494876862,
        0.25882354378700256,
        0.3490196168422699
    ],
    "NavHighlight": [
        0.3450980484485626,
        0.3960784375667572,
        0.9490196108818054,
        1.0
    ],
    "NavWindowingDimBg": [
        0.20000000298023224,
        0.20000000298023224,
        0.20000000298023224,
        0.20000000298023224
    ],
    "NavWindowingHighlight": [
        0.7019608020782471,
        0.7019608020782471,
        0.7019608020782471,
        0.7019608020782471
    ],
    "PlotHistogram": [
        0.4699999988079071,
        0.4699999988079071,
        0.4699999988079071,
        1.0
    ],
    "PlotHistogramHovered": [
        0.5899999737739563,
        0.5899999737739563,
        0.5899999737739563,
        1.0
    ],
    "PlotLines": [
        0.6100000143051147,
        0.6100000143051147,
        0.6100000143051147,
        1.0
    ],
    "PlotLinesHovered": [
        0.8600000143051147,
        0.8600000143051147,
        0.8600000143051147,
        1.0
    ],
    "PopupBg": [
        0.21176470816135406,
        0.21568627655506134,
        0.24313725531101227,
        1.0
    ],
    "ResizeGrip": [
        0.4699999988079071,
        0.4699999988079071,
        0.4699999988079071,
        0.20000000298023224
    ],
    "ResizeGripActive": [
        0.4699999988079071,
        0.4699999988079071,
        0.4699999988079071,
        0.949999988079071
    ],
    "ResizeGripHovered": [
        0.4699999988079071,
        0.4699999988079071,
        0.4699999988079071,
        0.6700000166893005
    ],
    "ScrollbarBg": [
        0.20361989736557007,
        0.20177718997001648,
        0.20177718997001648,
        0.0
    ],
    "ScrollbarGrab": [
        0.4000000059604645,
        0.40392157435417175,
        0.4431372582912445,
        1.0
    ],
    "ScrollbarGrabActive": [
        0.4000000059604645,
        0.40392157435417175,
        0.4431372582912445,
        1.0
    ],
    "ScrollbarGrabHovered": [
        0.4000000059604645,
        0.40392157435417175,
        0.4431372582912445,
        1.0
    ],
    "Separator": [
        0.41999998688697815,
        0.41999998688697815,
        0.41999998688697815,
        0.5
    ],
    "SeparatorActive": [
        0.4699999988079071,
        0.4699999988079071,
        0.4699999988079071,
        1.0
    ],
    "SeparatorHovered": [
        0.38999998569488525,
        0.38999998569488525,
        0.38999998569488525,
        0.7799999713897705
    ],
    "SliderGrab": [
        0.4699999988079071,
        0.4699999988079071,
        0.4699999988079071,
        1.0
    ],
    "SliderGrabActive": [
        0.5600000023841858,
        0.5600000023841858,
        0.5600000023841858,
        1.0
    ],
    "Tab": [
        0.4699999988079071,
        0.4699999988079071,
        0.4699999988079071,
        0.6000000238418579
    ],
    "TabActive": [
        0.6899999976158142,
        0.6899999976158142,
        0.6899999976158142,
        1.0
    ],
    "TabHovered": [
        0.6100000143051147,
        0.6100000143051147,
        0.6100000143051147,
        0.800000011920929
    ],
    "TabUnfocused": [
        0.4699999988079071,
        0.4699999988079071,
        0.4699999988079071,
        0.6000000238418579
    ],
    "TabUnfocusedActive": [
        0.6100000143051147,
        0.6100000143051147,
        0.6100000143051147,
        0.800000011920929
    ],
    "TableBorderLight": [
        0.30980393290519714,
        0.30980393290519714,
        0.30980393290519714,
        1.0
    ],
    "TableBorderStrong": [
        0.38999998569488525,
        0.38999998569488525,
        0.38999998569488525,
        1.0
    ],
    "TableHeaderBg": [
        0.1411764770746231,
        0.1411764770746231,
        0.1411764770746231,
        1.0
    ],
    "TableRowBg": [
        0.0,
        0.0,
        0.0,
        0.0
    ],
    "TableRowBgAlt": [
        0.07000000029802322,
        0.07000000029802322,
        0.07000000029802322,
        0.11999999731779099
    ],
    "Text": [
        0.9843137264251709,
        0.9843137264251709,
        0.9843137264251709,
        1.0
    ],
    "TextDisabled": [
        0.5803921818733215,
        0.5843137502670288,
        0.6117647290229797,
        1.0
    ],
    "TextSelectedBg": [
        0.3450980484485626,
        0.3960784375667572,
        0.9490196108818054,
        1.0
    ],
    "TitleBg": [
        0.07058823853731155,
        0.07058823853731155,
        0.0784313753247261,
        0.4627451002597809
    ],
    "TitleBgActive": [
        0.1725490242242813,
        0.1764705926179886,
        0.19607843458652496,
        1.0
    ],
    "TitleBgCollapsed": [
        0.12999999523162842,
        0.12999999523162842,
        0.12999999523162842,
        0.5099999904632568
    ],
    "WindowBg": [
        0.1725490242242813,
        0.1764705926179886,
        0.19607843458652496,
        1.0
    ],
    "achievemetAscentbarColor": [
        0.3450980484485626,
        0.3960784375667572,
        0.9490196108818054,
        1.0
    ],
    "achievemetBackgroundColor": [
        0.4000000059604645,
        0.7529411911964417,
        0.95686274766922,
        0.11764705926179886
    ],
    "achievemetMessageColor": [
        0.8627451062202454,
        0.8627451062202454,
        0.8627451062202454,
        1.0
    ],
    "achievemetTitleColor": [
        1.0,
        1.0,
        1.0,
        1.0
    ],
    "disableGaussianBlur": false
}