{
    "Border": [
        0.41999998688697815,
        0.41999998688697815,
        0.41999998688697815,
        0.0
    ],
    "BorderShadow": [
        0.0,
        0.0,
        0.0,
        0.0
    ],
    "Button": [
        0.2823529541492462,
        0.24313725531101227,
        0.24313725531101227,
        1.0
    ],
    "ButtonActive": [
        0.2230004072189331,
        0.192366823554039,
        0.192366823554039,
        1.0
    ],
    "ButtonHovered": [
        0.23587888479232788,
        0.20043842494487762,
        0.20043842494487762,
        1.0
    ],
    "CheckMark": [
        0.8600000143051147,
        0.8600000143051147,
        0.8600000143051147,
        1.0
    ],
    "ChildBg": [
        0.10280156135559082,
        0.09750586003065109,
        0.09750586003065109,
        0.8154089450836182
    ],
    "DockingEmptyBg": [
        0.20000000298023224,
        0.20000000298023224,
        0.20000000298023224,
        1.0
    ],
    "DockingPreview": [
        0.33000001311302185,
        0.33000001311302185,
        0.33000001311302185,
        0.699999988079071
    ],
    "DragDropTarget": [
        0.25999999046325684,
        0.5899999737739563,
        0.9800000190734863,
        0.949999988079071
    ],
    "FrameBg": [
        0.23999999463558197,
        0.23999999463558197,
        0.23999999463558197,
        0.5400000214576721
    ],
    "FrameBgActive": [
        0.4699999988079071,
        0.4699999988079071,
        0.4699999988079071,
        0.6700000166893005
    ],
    "FrameBgHovered": [
        0.3799999952316284,
        0.3799999952316284,
        0.3799999952316284,
        0.4000000059604645
    ],
    "Header": [
        0.20000000298023224,
        0.20000000298023224,
        0.20000000298023224,
        1.0
    ],
    "HeaderActive": [
        0.33000001311302185,
        0.33000001311302185,
        0.33000001311302185,
        0.800000011920929
    ],
    "HeaderHovered": [
        0.2800000011920929,
        0.2800000011920929,
        0.2800000011920929,
        0.800000011920929
    ],
    "MenuBarBg": [
        0.10000000149011612,
        0.10000000149011612,
        0.10000000149011612,
        1.0
    ],
    "ModalWindowDimBg": [
        0.0784313753247261,
        0.0784313753247261,
        0.0784313753247261,
        0.3490196168422699
    ],
    "NavHighlight": [
        0.5076016187667847,
        0.25999999046325684,
        0.9800000190734863,
        1.0
    ],
    "NavWindowingDimBg": [
        0.20000000298023224,
        0.20000000298023224,
        0.20000000298023224,
        0.20000000298023224
    ],
    "NavWindowingHighlight": [
        0.699999988079071,
        0.699999988079071,
        0.699999988079071,
        0.699999988079071
    ],
    "PlotHistogram": [
        0.4699999988079071,
        0.4699999988079071,
        0.4699999988079071,
        1.0
    ],
    "PlotHistogramHovered": [
        0.5899999737739563,
        0.5899999737739563,
        0.5899999737739563,
        1.0
    ],
    "PlotLines": [
        0.6100000143051147,
        0.6100000143051147,
        0.6100000143051147,
        1.0
    ],
    "PlotLinesHovered": [
        0.8600000143051147,
        0.8600000143051147,
        0.8600000143051147,
        1.0
    ],
    "PopupBg": [
        0.09049773216247559,
        0.08967874944210052,
        0.08967874944210052,
        0.9399999976158142
    ],
    "ResizeGrip": [
        0.4699999988079071,
        0.4699999988079071,
        0.4699999988079071,
        0.20000000298023224
    ],
    "ResizeGripActive": [
        0.4699999988079071,
        0.4699999988079071,
        0.4699999988079071,
        0.949999988079071
    ],
    "ResizeGripHovered": [
        0.4699999988079071,
        0.4699999988079071,
        0.4699999988079071,
        0.6700000166893005
    ],
    "ScrollbarBg": [
        0.2823529541492462,
        0.24313725531101227,
        0.24313725531101227,
        0.60935378074646
    ],
    "ScrollbarGrab": [
        0.28739261627197266,
        0.28739261627197266,
        0.28739261627197266,
        1.0
    ],
    "ScrollbarGrabActive": [
        0.4699999988079071,
        0.4699999988079071,
        0.4699999988079071,
        1.0
    ],
    "ScrollbarGrabHovered": [
        0.3700000047683716,
        0.3700000047683716,
        0.3700000047683716,
        1.0
    ],
    "Separator": [
        0.41999998688697815,
        0.41999998688697815,
        0.41999998688697815,
        0.5
    ],
    "SeparatorActive": [
        0.4699999988079071,
        0.4699999988079071,
        0.4699999988079071,
        1.0
    ],
    "SeparatorHovered": [
        0.38999998569488525,
        0.38999998569488525,
        0.38999998569488525,
        0.7799999713897705
    ],
    "SliderGrab": [
        0.4699999988079071,
        0.4699999988079071,
        0.4699999988079071,
        1.0
    ],
    "SliderGrabActive": [
        0.5600000023841858,
        0.5600000023841858,
        0.5600000023841858,
        1.0
    ],
    "Tab": [
        0.4699999988079071,
        0.4699999988079071,
        0.4699999988079071,
        0.6000000238418579
    ],
    "TabActive": [
        0.6899999976158142,
        0.6899999976158142,
        0.6899999976158142,
        1.0
    ],
    "TabHovered": [
        0.6100000143051147,
        0.6100000143051147,
        0.6100000143051147,
        0.800000011920929
    ],
    "TabUnfocused": [
        0.4699999988079071,
        0.4699999988079071,
        0.4699999988079071,
        0.6000000238418579
    ],
    "TabUnfocusedActive": [
        0.6100000143051147,
        0.6100000143051147,
        0.6100000143051147,
        0.800000011920929
    ],
    "TableBorderLight": [
        0.3100000023841858,
        0.3100000023841858,
        0.3100000023841858,
        1.0
    ],
    "TableBorderStrong": [
        0.38999998569488525,
        0.38999998569488525,
        0.38999998569488525,
        1.0
    ],
    "TableHeaderBg": [
        0.14000000059604645,
        0.14000000059604645,
        0.14000000059604645,
        1.0
    ],
    "TableRowBg": [
        0.0,
        0.0,
        0.0,
        0.0
    ],
    "TableRowBgAlt": [
        0.07000000029802322,
        0.07000000029802322,
        0.07000000029802322,
        0.11999999731779099
    ],
    "Text": [
        0.8600000143051147,
        0.8600000143051147,
        0.8600000143051147,
        1.0
    ],
    "TextDisabled": [
        0.5,
        0.5,
        0.5,
        1.0
    ],
    "TextSelectedBg": [
        0.5058823823928833,
        0.25882354378700256,
        0.9803921580314636,
        0.6000000238418579
    ],
    "TitleBg": [
        0.0784313753247261,
        0.0784313753247261,
        0.0784313753247261,
        0.8926796317100525
    ],
    "TitleBgActive": [
        0.23137255012989044,
        0.14901961386203766,
        0.14901961386203766,
        0.8274509906768799
    ],
    "TitleBgCollapsed": [
        0.12999999523162842,
        0.12999999523162842,
        0.12999999523162842,
        0.5099999904632568
    ],
    "WindowBg": [
        0.0,
        0.0,
        0.0,
        0.0
    ],
    "achievemetAscentbarColor": [
        0.3137255012989044,
        0.7058823704719543,
        0.8627451062202454,
        1.0
    ],
    "achievemetBackgroundColor": [
        0.11764705926179886,
        0.13725490868091583,
        0.9411764740943909,
        0.11764705926179886
    ],
    "achievemetMessageColor": [
        0.8627451062202454,
        0.8627451062202454,
        0.8627451062202454,
        1.0
    ],