{
    "Border": [
        0.9728506803512573,
        0.5766671895980835,
        0.5766671895980835,
        0.0
    ],
    "BorderShadow": [
        0.0,
        0.0,
        0.0,
        0.0
    ],
    "Button": [
        0.8196078538894653,
        0.3764705955982208,
        0.3764705955982208,
        0.7686274647712708
    ],
    "ButtonActive": [
        0.9909502267837524,
        0.6322352290153503,
        0.6322352290153503,
        0.7686274647712708
    ],
    "ButtonHovered": [
        0.9095022678375244,
        0.5061935782432556,
        0.5061935782432556,
        0.7686274647712708
    ],
    "CheckMark": [
        0.8600000143051147,
        0.8600000143051147,
        0.8600000143051147,
        1.0
    ],
    "ChildBg": [
        0.9864253401756287,
        0.4061751067638397,
        0.4061751067638397,
        1.0
    ],
    "DockingEmptyBg": [
        1.0,
        0.5565611124038696,
        0.5565611124038696,
        1.0
    ],
    "DockingPreview": [
        0.9773755669593811,
        0.38475868105888367,
        0.38475868105888367,
        0.699999988079071
    ],
    "DragDropTarget": [
        1.0,
        0.3981900215148926,
        0.3981900215148926,
        0.949999988079071
    ],
    "FrameBg": [
        0.9909502267837524,
        0.5784279704093933,
        0.5784279704093933,
        1.0
    ],
    "FrameBgActive": [
        1.0,
        0.6561086177825928,
        0.6561086177825928,
        0.6700000166893005
    ],
    "FrameBgHovered": [
        0.9954751133918762,
        0.7071927189826965,
        0.7071927189826965,
        1.0
    ],
    "Header": [
        1.0,
        0.773755669593811,
        0.773755669593811,
        1.0
    ],
    "HeaderActive": [
        0.9683257937431335,
        0.4337748885154724,
        0.4337748885154724,
        0.800000011920929
    ],
    "HeaderHovered": [
        1.0,
        0.7647058963775635,
        0.7647058963775635,
        0.800000011920929
    ],
    "MenuBarBg": [
        0.9230769276618958,
        0.5513400435447693,
        0.5513400435447693,
        1.0
    ],
    "ModalWindowDimBg": [
        1.0,
        0.9999899864196777,
        0.9999899864196777,
        0.3490196168422699
    ],
    "NavHighlight": [
        0.9954751133918762,
        0.9954651594161987,
        0.9954651594161987,
        1.0
    ],
    "NavWindowingDimBg": [
        1.0,
        0.6832579374313354,
        0.6832579374313354,
        0.20000000298023224
    ],
    "NavWindowingHighlight": [
        1.0,
        0.5475113391876221,
        0.5475113391876221,
        0.699999988079071
    ],
    "PlotHistogram": [
        1.0,
        0.5158370733261108,
        0.5158370733261108,
        1.0
    ],
    "PlotHistogramHovered": [
        1.0,
        0.7149320840835571,
        0.7149320840835571,
        1.0
    ],
    "PlotLines": [
        1.0,
        0.5158370733261108,
        0.5158370733261108,
        1.0
    ],
    "PlotLinesHovered": [
        1.0,
        0.7058823108673096,
        0.7058823108673096,
        1.0
    ],
    "PopupBg": [
        0.9728506803512573,
        0.5502549409866333,
        0.5502549409866333,
        0.9399999976158142
    ],
    "ResizeGrip": [
        0.9728506803512573,
        0.4490079879760742,
        0.4490079879760742,
        0.20000000298023224
    ],
    "ResizeGripActive": [
        0.9954751133918762,
        0.8738560080528259,
        0.8738560080528259,
        0.949999988079071
    ],
    "ResizeGripHovered": [
        0.9954751133918762,
        0.7162015438079834,
        0.7162015438079834,
        0.6700000166893005
    ],
    "ScrollbarBg": [
        0.9921568632125854,
        0.5764706134796143,
        0.5764706134796143,
        1.0
    ],
    "ScrollbarGrab": [
        0.9954751133918762,
        0.7792633175849915,
        0.7792633175849915,
        1.0
    ],
    "ScrollbarGrabActive": [
        1.0,
        0.9999899864196777,
        0.9999899864196777,
        1.0
    ],
    "ScrollbarGrabHovered": [
        0.9909502267837524,
        0.8788517713546753,
        0.8788517713546753,
        1.0
    ],
    "Separator": [
        0.9864253401756287,
        0.7811060547828674,
        0.7811060547828674,
        0.5
    ],
    "SeparatorActive": [
        1.0,
        0.9999899864196777,
        0.9999899864196777,
        1.0
    ],
    "SeparatorHovered": [
        0.9909502267837524,
        0.8833357095718384,
        0.8833357095718384,
        0.7799999713897705
    ],
    "SliderGrab": [
        0.9864253401756287,
        0.6382752656936646,
        0.6382752656936646,
        1.0
    ],
    "SliderGrabActive": [
        1.0,
        0.8325791954994202,
        0.8325791954994202,
        1.0
    ],
    "Tab": [
        0.9864253401756287,
        0.3793943524360657,
        0.3793943524360657,
        0.6000000238418579
    ],
    "TabActive": [
        1.0,
        0.8506787419319153,
        0.8506787419319153,
        1.0
    ],
    "TabHovered": [
        1.0,
        0.615384578704834,
        0.615384578704834,
        0.800000011920929
    ],
    "TabUnfocused": [
        1.0,
        0.5520361661911011,
        0.5520361661911011,
        0.6000000238418579
    ],
    "TabUnfocusedActive": [
        0.9909502267837524,
        0.654654860496521,
        0.654654860496521,
        0.800000011920929
    ],
    "TableBorderLight": [
        1.0,
        0.4570135474205017,
        0.4570135474205017,
        1.0
    ],
    "TableBorderStrong": [
        1.0,
        0.696832537651062,
        0.696832537651062,
        1.0
    ],
    "TableHeaderBg": [
        1.0,
        0.5656108856201172,
        0.5656108856201172,
        1.0
    ],
    "TableRowBg": [
        1.0,
        0.49321264028549194,
        0.49321264028549194,
        0.0
    ],
    "TableRowBgAlt": [
        1.0,
        0.6515836715698242,
        0.6515836715698242,
        0.11999999731779099
    ],
    "Text": [
        0.9999967217445374,
        0.9999899864196777,
        1.0,
        1.0
    ],
    "TextDisabled": [
        1.0,
        0.9999899864196777,
        0.9999899864196777,
        1.0
    ],
    "TextSelectedBg": [
        0.9864253401756287,
        0.6829098463058472,
        0.6829098463058472,
        0.6000000238418579
    ],
    "TitleBg": [
        0.9921568632125854,
        0.5764706134796143,
        0.5764706134796143,
        1.0
    ],
    "TitleBgActive": [
        0.9921568632125854,
        0.5764706134796143,
        0.5764706134796143,
        1.0
    ],
    "TitleBgCollapsed": [
        1.0,
        0.7239818572998047,
        0.7239818572998047,
        1.0
    ],
    "WindowBg": [
        0.9954751133918762,
        0.7116971015930176,
        0.7116971015930176,
        1.0
    ]
}
