{
    "Border": [
        0.6392157077789307,
        0.6784313917160034,
        0.6784313917160034,
        1.0
    ],
    "BorderShadow": [
        9.999999974752427e-07,
        9.999899930335232e-07,
        9.999899930335232e-07,
        0.0
    ],
    "Button": [
        0.7686274647712708,
        0.8156862854957581,
        0.8117647171020508,
        0.800000011920929
    ],
    "ButtonActive": [
        0.7619797587394714,
        0.9264069199562073,
        0.912704586982727,
        0.800000011920929
    ],
    "ButtonHovered": [
        0.8185753226280212,
        0.9004328846931458,
        0.8936114311218262,
        0.800000011920929
    ],
    "CheckMark": [
        0.8048200011253357,
        0.9437229633331299,
        0.9437229633331299,
        1.0
    ],
    "ChildBg": [
        1.0,
        0.9999899864196777,
        0.9999899864196777,
        0.0
    ],
    "CustomButton": [
        0.0,
        0.0,
        0.0,
        0.0
    ],
    "CustomButtonActive": [
        0.0,
        0.0,
        0.0,
        0.0
    ],
    "CustomButtonHovered": [
        0.0,
        0.0,
        0.0,
        0.0
    ],
    "DockingEmptyBg": [
        0.7607843279838562,
        0.9254902005195618,
        0.9137254953384399,
        0.800000011920929
    ],
    "DockingPreview": [
        0.7607843279838562,
        0.9254902005195618,
        0.9137254953384399,
        0.800000011920929
    ],
    "DragDropTarget": [
        0.5106913447380066,
        0.9593101739883423,
        0.9913420081138611,
        0.6000000238418579
    ],
    "FrameBg": [
        0.6994621157646179,
        0.7369711399078369,
        0.7445887327194214,
        0.7686274647712708
    ],
    "FrameBgActive": [
        0.9186484813690186,
        0.9870129823684692,
        0.9841644763946533,
        0.6700000166893005
    ],
    "FrameBgHovered": [
        0.8536571264266968,
        0.9004328846931458,
        0.8937506675720215,
        0.7686274647712708
    ],
    "Header": [
        0.7686274647712708,
        0.8156862854957581,
        0.8117647171020508,
        0.800000011920929
    ],
    "HeaderActive": [
        0.7607843279838562,
        0.9254902005195618,
        0.9137254953384399,
        0.800000011920929
    ],
    "HeaderHovered": [
        0.8196078538894653,
        0.9019607901573181,
        0.8941176533699036,
        0.800000011920929
    ],
    "MenuBarBg": [
        0.7686274647712708,
        0.8156862854957581,
        0.8117647171020508,
        0.800000011920929
    ],
    "ModalWindowDimBg": [
        0.800000011920929,
        0.800000011920929,
        0.800000011920929,
        0.3499999940395355
    ],
    "NavHighlight": [
        0.8528138399124146,
        0.9901894330978394,
        1.0,
        0.6000000238418579
    ],
    "NavWindowingDimBg": [
        0.20000000298023224,
        0.20000000298023224,
        0.20000000298023224,
        0.20000000298023224
    ],
    "NavWindowingHighlight": [
        0.699999988079071,
        0.699999988079071,
        0.699999988079071,
        0.699999988079071
    ],
    "PlotHistogram": [
        0.5974025726318359,
        0.5973966121673584,
        0.5973966121673584,
        1.0
    ],
    "PlotHistogramHovered": [
        0.5541125535964966,
        0.5469163060188293,
        0.5469163060188293,
        1.0
    ],
    "PlotLines": [
        0.7607843279838562,
        0.9254902005195618,
        0.9137254953384399,
        0.800000011920929
    ],
    "PlotLinesHovered": [
        0.8600000143051147,
        0.8600000143051147,
        0.8600000143051147,
        1.0
    ],
    "PopupBg": [
        0.9696969985961914,
        1.0,
        1.0,
        1.0
    ],
    "ResizeGrip": [
        0.6392157077789307,
        0.6784313917160034,
        0.6784313917160034,
        1.0
    ],
    "ResizeGripActive": [
        0.7607843279838562,
        0.9254902005195618,
        0.9137254953384399,
        0.800000011920929
    ],
    "ResizeGripHovered": [
        0.8196078538894653,
        0.9019607901573181,
        0.8941176533699036,
        0.800000011920929
    ],
    "ScrollbarBg": [
        0.7686274647712708,
        0.8156862854957581,
        0.8117647171020508,
        0.800000011920929
    ],
    "ScrollbarGrab": [
        0.638462483882904,
        0.6796536445617676,
        0.6769780516624451,
        1.0
    ],
    "ScrollbarGrabActive": [
        0.42658495903015137,
        0.4458874464035034,
        0.4458874464035034,
        1.0
    ],
    "ScrollbarGrabHovered": [
        0.5433556437492371,
        0.5757575631141663,
        0.5757575631141663,
        1.0
    ],
    "Separator": [
        0.6392157077789307,
        0.6784313917160034,
        0.6784313917160034,
        1.0
    ],
    "SeparatorActive": [
        0.4699999988079071,
        0.4699999988079071,
        0.4699999988079071,
        1.0
    ],
    "SeparatorHovered": [
        0.4840613305568695,
        0.5454545021057129,
        0.5454545021057129,
        1.0
    ],
    "SliderGrab": [
        0.7686274647712708,
        0.8156862854957581,
        0.8117647171020508,
        0.800000011920929
    ],
    "SliderGrabActive": [
        0.7991229891777039,
        0.8961039185523987,
        0.8880221843719482,
        0.800000011920929
    ],
    "Tab": [
        0.6392157077789307,
        0.6784313917160034,
        0.6784313917160034,
        1.0
    ],
    "TabActive": [
        0.7607843279838562,
        0.9254902005195618,
        0.9137254953384399,
        0.800000011920929
    ],
    "TabHovered": [
        0.8196078538894653,
        0.9019607901573181,
        0.8941176533699036,
        0.800000011920929
    ],
    "TabUnfocused": [
        0.7716309428215027,
        0.7922077775001526,
        0.7922077775001526,
        1.0
    ],
    "TabUnfocusedActive": [
        0.8985026478767395,
        0.9653679728507996,
        0.9653679728507996,
        1.0
    ],
    "TableBorderLight": [
        0.3100000023841858,
        0.3100000023841858,
        0.3100000023841858,
        1.0
    ],
    "TableBorderStrong": [
        0.38999998569488525,
        0.38999998569488525,
        0.38999998569488525,
        1.0
    ],
    "TableHeaderBg": [
        0.14000000059604645,
        0.14000000059604645,
        0.14000000059604645,
        1.0
    ],
    "TableRowBg": [
        1.0,
        1.0,
        1.0,
        0.0
    ],
    "TableRowBgAlt": [
        0.07000000029802322,
        0.07000000029802322,
        0.07000000029802322,
        0.11999999731779099
    ],
    "Text": [
        9.999999974752427e-07,
        9.999899930335232e-07,
        9.999899930335232e-07,
        1.0
    ],
    "TextDisabled": [
        0.006746502127498388,
        0.2597402334213257,
        0.254238486289978,
        1.0
    ],
    "TextSelectedBg": [
        0.0,
        0.935112476348877,
        1.0,
        0.6000000238418579
    ],
    "TitleBg": [
        0.6147186160087585,
        0.6014130115509033,
        0.6014130115509033,
        0.800000011920929
    ],
    "TitleBgActive": [
        0.7680515646934509,
        0.8138527870178223,
        0.8108784556388855,
        0.800000011920929
    ],
    "TitleBgCollapsed": [
        0.12999999523162842,
        0.12999999523162842,
        0.12999999523162842,
        0.5099999904632568
    ],
    "WindowBg": [
        0.9999899864196777,
        0.9999983310699463,
        1.0,
        1.0
    ]
}
