{
    "Border": [
        0.41999998688697815,
        0.41999998688697815,
        0.41999998688697815,
        0.5
    ],
    "BorderShadow": [
        0.0,
        0.0,
        0.0,
        0.0
    ],
    "Button": [
        0.4588235318660736,
        0.4588235318660736,
        0.4588235318660736,
        0.7686274647712708
    ],
    "ButtonActive": [
        0.9399999976158142,
        0.9399999976158142,
        0.9399999976158142,
        0.6700000166893005
    ],
    "ButtonHovered": [
        0.5714285373687744,
        0.5615336298942566,
        0.5615336298942566,
        0.800000011920929
    ],
    "CheckMark": [
        0.8600000143051147,
        0.8600000143051147,
        0.8600000143051147,
        1.0
    ],
    "ChildBg": [
        0.11999999731779099,
        0.11999999731779099,
        0.11999999731779099,
        0.0
    ],
    "CustomButton": [
        0.0,
        0.0,
        0.0,
        0.0
    ],
    "CustomButtonActive": [
        0.0,
        0.0,
        0.0,
        0.0
    ],
    "CustomButtonHovered": [
        0.0,
        0.0,
        0.0,
        0.0
    ],
    "DockingEmptyBg": [
        0.20000000298023224,
        0.20000000298023224,
        0.20000000298023224,
        1.0
    ],
    "DockingPreview": [
        0.33000001311302185,
        0.33000001311302185,
        0.33000001311302185,
        0.699999988079071
    ],
    "DragDropTarget": [
        0.25999999046325684,
        0.5899999737739563,
        0.9800000190734863,
        0.949999988079071
    ],
    "FrameBg": [
        0.4588235318660736,
        0.4588235318660736,
        0.4588235318660736,
        0.7686274647712708
    ],
    "FrameBgActive": [
        0.47186148166656494,
        0.4718567430973053,
        0.4718567430973053,
        0.6700000166893005
    ],
    "FrameBgHovered": [
        0.4588235318660736,
        0.4588235318660736,
        0.4588235318660736,
        0.7686274647712708
    ],
    "Header": [
        0.33000001311302185,
        0.33000001311302185,
        0.33000001311302185,
        1.0
    ],
    "HeaderActive": [
        0.33000001311302185,
        0.33000001311302185,
        0.33000001311302185,
        0.800000011920929
    ],
    "HeaderHovered": [
        0.2800000011920929,
        0.2800000011920929,
        0.2800000011920929,
        0.800000011920929
    ],
    "MenuBarBg": [
        0.10000000149011612,
        0.10000000149011612,
        0.10000000149011612,
        1.0
    ],
    "ModalWindowDimBg": [
        0.800000011920929,
        0.800000011920929,
        0.800000011920929,
        0.3499999940395355
    ],
    "NavHighlight": [
        0.25999999046325684,
        0.5899999737739563,
        0.9800000190734863,
        1.0
    ],
    "NavWindowingDimBg": [
        0.20000000298023224,
        0.20000000298023224,
        0.20000000298023224,
        0.20000000298023224
    ],
    "NavWindowingHighlight": [
        0.699999988079071,
        0.699999988079071,
        0.699999988079071,
        0.699999988079071
    ],
    "PlotHistogram": [
        0.5974025726318359,
        0.5973966121673584,
        0.5973966121673584,
        1.0
    ],
    "PlotHistogramHovered": [
        0.5541125535964966,
        0.5469163060188293,
        0.5469163060188293,
        1.0
    ],
    "PlotLines": [
        0.6100000143051147,
        0.6100000143051147,
        0.6100000143051147,
        1.0
    ],
    "PlotLinesHovered": [
        0.8600000143051147,
        0.8600000143051147,
        0.8600000143051147,
        1.0
    ],
    "PopupBg": [
        0.5714285373687744,
        0.5615336298942566,
        0.5615336298942566,
        0.9399999976158142
    ],
    "ResizeGrip": [
        0.9399999976158142,
        0.9399999976158142,
        0.9399999976158142,
        0.20000000298023224
    ],
    "ResizeGripActive": [
        0.9399999976158142,
        0.9399999976158142,
        0.9399999976158142,
        0.949999988079071
    ],
    "ResizeGripHovered": [
        0.9399999976158142,
        0.9399999976158142,
        0.9399999976158142,
        0.6700000166893005
    ],
    "ScrollbarBg": [
        0.11999999731779099,
        0.11999999731779099,
        0.11999999731779099,
        0.5299999713897705
    ],
    "ScrollbarGrab": [
        0.2800000011920929,
        0.2800000011920929,
        0.2800000011920929,
        1.0
    ],
    "ScrollbarGrabActive": [
        0.4699999988079071,
        0.4699999988079071,
        0.4699999988079071,
        1.0
    ],
    "ScrollbarGrabHovered": [
        0.3700000047683716,
        0.3700000047683716,
        0.3700000047683716,
        1.0
    ],
    "Separator": [
        0.41999998688697815,
        0.41999998688697815,
        0.41999998688697815,
        0.5
    ],
    "SeparatorActive": [
        0.4699999988079071,
        0.4699999988079071,
        0.4699999988079071,
        1.0
    ],
    "SeparatorHovered": [
        0.38999998569488525,
        0.38999998569488525,
        0.38999998569488525,
        0.7799999713897705
    ],
    "SliderGrab": [
        0.4699999988079071,
        0.4699999988079071,
        0.4699999988079071,
        1.0
    ],
    "SliderGrabActive": [
        0.5600000023841858,
        0.5600000023841858,
        0.5600000023841858,
        1.0
    ],
    "Tab": [
        0.4699999988079071,
        0.4699999988079071,
        0.4699999988079071,
        0.6000000238418579
    ],
    "TabActive": [
        0.6899999976158142,
        0.6899999976158142,
        0.6899999976158142,
        1.0
    ],
    "TabHovered": [
        0.6100000143051147,
        0.6100000143051147,
        0.6100000143051147,
        0.800000011920929
    ],
    "TabUnfocused": [
        0.4699999988079071,
        0.4699999988079071,
        0.4699999988079071,
        0.6000000238418579
    ],
    "TabUnfocusedActive": [
        0.6100000143051147,
        0.6100000143051147,
        0.6100000143051147,
        0.800000011920929
    ],
    "TableBorderLight": [
        0.3100000023841858,
        0.3100000023841858,
        0.3100000023841858,
        1.0
    ],
    "TableBorderStrong": [
        0.38999998569488525,
        0.38999998569488525,
        0.38999998569488525,
        1.0
    ],
    "TableHeaderBg": [
        0.14000000059604645,
        0.14000000059604645,
        0.14000000059604645,
        1.0
    ],
    "TableRowBg": [
        1.0,
        1.0,
        1.0,
        0.0
    ],
    "TableRowBgAlt": [
        0.07000000029802322,
        0.07000000029802322,
        0.07000000029802322,
        0.11999999731779099
    ],
    "Text": [
        0.1599999964237213,
        0.1599999964237213,
        0.1599999964237213,
        1.0
    ],
    "TextDisabled": [
        0.5,
        0.5,
        0.5,
        1.0
    ],
    "TextSelectedBg": [
        0.30000001192092896,
        0.4699999988079071,
        0.800000011920929,
        0.6000000238418579
    ],
    "TitleBg": [
        0.4901960790157318,
        0.4901960790157318,
        0.4901960790157318,
        0.800000011920929
    ],
    "TitleBgActive": [
        0.4891774654388428,
        0.4891725778579712,
        0.4891725778579712,
        0.800000011920929
    ],
    "TitleBgCollapsed": [
        0.12999999523162842,
        0.12999999523162842,
        0.12999999523162842,
        0.5099999904632568
    ],
    "WindowBg": [
        0.9399999976158142,
        0.9399999976158142,
        0.9399999976158142,
        1.0
    ]
}