{
    "Border": [
        0.41999998688697815,
        0.41999998688697815,
        0.41999998688697815,
        0.0
    ],
    "BorderShadow": [
        0.0,
        0.0,
        0.0,
        0.0
    ],
    "Button": [
        0.20000000298023224,
        0.20000000298023224,
        0.20000000298023224,
        0.7686274647712708
    ],
    "ButtonActive": [
        0.2549019753932953,
        0.2549019753932953,
        0.2549019753932953,
        0.6705882549285889
    ],
    "ButtonHovered": [
        0.2862745225429535,
        0.2862745225429535,
        0.2862745225429535,
        0.800000011920929
    ],
    "CheckMark": [
        0.8600000143051147,
        0.8600000143051147,
        0.8600000143051147,
        1.0
    ],
    "ChildBg": [
        9.999905614677118e-07,
        9.999999974752427e-07,
        9.999899930335232e-07,
        1.0
    ],
    "DockingEmptyBg": [
        0.20000000298023224,
        0.20000000298023224,
        0.20000000298023224,
        1.0
    ],
    "DockingPreview": [
        0.33000001311302185,
        0.33000001311302185,
        0.33000001311302185,
        0.699999988079071
    ],
    "DragDropTarget": [
        0.25999999046325684,
        0.5899999737739563,
        0.9800000190734863,
        0.949999988079071
    ],
    "FrameBg": [
        0.23999999463558197,
        0.23999999463558197,
        0.23999999463558197,
        0.5400000214576721
    ],
    "FrameBgActive": [
        0.4699999988079071,
        0.4699999988079071,
        0.4699999988079071,
        0.6700000166893005
    ],
    "FrameBgHovered": [
        0.3799999952316284,
        0.3799999952316284,
        0.3799999952316284,
        0.4000000059604645
    ],
    "Header": [
        0.20000000298023224,
        0.20000000298023224,
        0.20000000298023224,
        1.0
    ],
    "HeaderActive": [
        0.33000001311302185,
        0.33000001311302185,
        0.33000001311302185,
        0.800000011920929
    ],
    "HeaderHovered": [
        0.2800000011920929,
        0.2800000011920929,
        0.2800000011920929,
        0.800000011920929
    ],
    "MenuBarBg": [
        0.10000000149011612,
        0.10000000149011612,
        0.10000000149011612,
        1.0
    ],
    "ModalWindowDimBg": [
        0.0784313753247261,
        0.0784313753247261,
        0.0784313753247261,
        0.3490196168422699
    ],
    "NavHighlight": [
        0.4342995584011078,
        0.7104072570800781,
        0.23144488036632538,
        1.0
    ],
    "NavWindowingDimBg": [
        0.20000000298023224,
        0.20000000298023224,
        0.20000000298023224,
        0.20000000298023224
    ],
    "NavWindowingHighlight": [
        0.699999988079071,
        0.699999988079071,
        0.699999988079071,
        0.699999988079071
    ],
    "PlotHistogram": [
        0.4699999988079071,
        0.4699999988079071,
        0.4699999988079071,
        1.0
    ],
    "PlotHistogramHovered": [
        0.5899999737739563,
        0.5899999737739563,
        0.5899999737739563,
        1.0
    ],
    "PlotLines": [
        0.6100000143051147,
        0.6100000143051147,
        0.6100000143051147,
        1.0
    ],
    "PlotLinesHovered": [
        0.8600000143051147,
        0.8600000143051147,
        0.8600000143051147,
        1.0
    ],
    "PopupBg": [
        0.09049773216247559,
        0.08967874944210052,
        0.08967874944210052,
        0.9399999976158142
    ],
    "ResizeGrip": [
        0.4699999988079071,
        0.4699999988079071,
        0.4699999988079071,
        0.20000000298023224
    ],
    "ResizeGripActive": [
        0.4699999988079071,
        0.4699999988079071,
        0.4699999988079071,
        0.949999988079071
    ],
    "ResizeGripHovered": [
        0.4699999988079071,
        0.4699999988079071,
        0.4699999988079071,
        0.6700000166893005
    ],
    "ScrollbarBg": [
        0.20361989736557007,
        0.20177718997001648,
        0.20177718997001648,
        0.529411792755127
    ],
    "ScrollbarGrab": [
        0.31674206256866455,
        0.309180349111557,
        0.16482053697109222,
        1.0
    ],
    "ScrollbarGrabActive": [
        0.5573909282684326,
        0.5882352590560913,
        0.06388074904680252,
        1.0
    ],
    "ScrollbarGrabHovered": [
        0.4389140009880066,
        0.42359188199043274,
        0.13107836246490479,
        1.0
    ],
    "Separator": [
        1.0,
        0.0,
        0.0,
        0.5
    ],
    "SeparatorActive": [
        0.9864253401756287,
        0.36600396037101746,
        0.36600396037101746,
        1.0
    ],
    "SeparatorHovered": [
        0.9819004535675049,
        0.1999344676733017,
        0.1999344676733017,
        0.7799999713897705
    ],
    "SliderGrab": [
        0.4699999988079071,
        0.4699999988079071,
        0.4699999988079071,
        1.0
    ],
    "SliderGrabActive": [
        0.5600000023841858,
        0.5600000023841858,
        0.5600000023841858,
        1.0
    ],
    "Tab": [
        0.4699999988079071,
        0.4699999988079071,
        0.4699999988079071,
        0.6000000238418579
    ],
    "TabActive": [
        0.6899999976158142,
        0.6899999976158142,
        0.6899999976158142,
        1.0
    ],
    "TabHovered": [
        0.6100000143051147,
        0.6100000143051147,
        0.6100000143051147,
        0.800000011920929
    ],
    "TabUnfocused": [
        0.4699999988079071,
        0.4699999988079071,
        0.4699999988079071,
        0.6000000238418579
    ],
    "TabUnfocusedActive": [
        0.6100000143051147,
        0.6100000143051147,
        0.6100000143051147,
        0.800000011920929
    ],
    "TableBorderLight": [
        0.3100000023841858,
        0.3100000023841858,
        0.3100000023841858,
        1.0
    ],
    "TableBorderStrong": [
        0.38999998569488525,
        0.38999998569488525,
        0.38999998569488525,
        1.0
    ],
    "TableHeaderBg": [
        0.14000000059604645,
        0.14000000059604645,
        0.14000000059604645,
        1.0
    ],
    "TableRowBg": [
        0.0,
        0.0,
        0.0,
        0.0
    ],
    "TableRowBgAlt": [
        0.07000000029802322,
        0.07000000029802322,
        0.07000000029802322,
        0.11999999731779099
    ],
    "Text": [
        0.42533934116363525,
        1.0,
        0.0,
        1.0
    ],
    "TextDisabled": [
        1.0,
        0.0,
        0.0,
        1.0
    ],
    "TextSelectedBg": [
        0.42352941632270813,
        1.0,
        0.0,
        1.0
    ],
    "TitleBg": [
        0.0784313753247261,
        0.0784313753247261,
        0.0784313753247261,
        0.800000011920929
    ],
    "TitleBgActive": [
        0.1599999964237213,
        0.1599999964237213,
        0.1599999964237213,
        0.800000011920929
    ],
    "TitleBgCollapsed": [
        0.12999999523162842,
        0.12999999523162842,
        0.12999999523162842,
        0.5099999904632568
    ],
    "WindowBg": [
        0.03206322342157364,
        0.06224740669131279,
        0.12217193841934204,
        1.0
    ]
}