{
    "Border": [
        0.41999998688697815,
        0.41999998688697815,
        0.41999998688697815,
        0.0
    ],
    "BorderShadow": [
        0.0,
        0.0,
        0.0,
        0.0
    ],
    "Button": [
        0.4901960790157318,
        0.11764705926179886,
        0.43921568989753723,
        1.0
    ],
    "ButtonActive": [
        0.8914027214050293,
        0.20167481899261475,
        0.797018826007843,
        1.0
    ],
    "ButtonHovered": [
        0.6742081642150879,
        0.12813004851341248,
        0.5994815826416016,
        1.0
    ],
    "CheckMark": [
        0.0,
        1.0,
        0.8819441795349121,
        1.0
    ],
    "ChildBg": [
        0.1209091991186142,
        0.11211889982223511,
        0.16742080450057983,
        1.0
    ],
    "DockingEmptyBg": [
        1.0,
        0.5791854858398438,
        0.991802453994751,
        1.0
    ],
    "DockingPreview": [
        0.9954751133918762,
        0.4008926749229431,
        0.9838925004005432,
        1.0
    ],
    "DragDropTarget": [
        0.0,
        0.9321320056915283,
        1.0,
        0.949999988079071
    ],
    "FrameBg": [
        0.7420814037322998,
        0.08058802038431168,
        0.4974670708179474,
        1.0
    ],
    "FrameBgActive": [
        0.959276020526886,
        0.2517556846141815,
        0.698167622089386,
        1.0
    ],
    "FrameBgHovered": [
        0.837104082107544,
        0.17423884570598602,
        0.5924755334854126,
        1.0
    ],
    "Header": [
        0.04942568019032478,
        0.6345096826553345,
        0.6425338983535767,
        1.0
    ],
    "HeaderActive": [
        0.3880346119403839,
        0.925251305103302,
        0.9321267008781433,
        1.0
    ],
    "HeaderHovered": [
        0.2592698633670807,
        0.8476654887199402,
        0.8552036285400391,
        1.0
    ],
    "MenuBarBg": [
        0.7149320840835571,
        0.0,
        0.6017075777053833,
        1.0
    ],
    "ModalWindowDimBg": [
        0.0784313753247261,
        0.0784313753247261,
        0.0784313753247261,
        0.3490196168422699
    ],
    "NavHighlight": [
        0.9411044120788574,
        0.0,
        1.0,
        1.0
    ],
    "NavWindowingDimBg": [
        0.20000000298023224,
        0.20000000298023224,
        0.20000000298023224,
        0.20000000298023224
    ],
    "NavWindowingHighlight": [
        0.699999988079071,
        0.699999988079071,
        0.699999988079071,
        0.699999988079071
    ],
    "PlotHistogram": [
        0.4699999988079071,
        0.4699999988079071,
        0.4699999988079071,
        1.0
    ],
    "PlotHistogramHovered": [
        0.5899999737739563,
        0.5899999737739563,
        0.5899999737739563,
        1.0
    ],
    "PlotLines": [
        0.6100000143051147,
        0.6100000143051147,
        0.6100000143051147,
        1.0
    ],
    "PlotLinesHovered": [
        0.8600000143051147,
        0.8600000143051147,
        0.8600000143051147,
        1.0
    ],
    "PopupBg": [
        0.12156862765550613,
        0.11372549086809158,
        0.16862745583057404,
        1.0
    ],
    "ResizeGrip": [
        0.4699999988079071,
        0.4699999988079071,
        0.4699999988079071,
        0.20000000298023224
    ],
    "ResizeGripActive": [
        0.4699999988079071,
        0.4699999988079071,
        0.4699999988079071,
        0.949999988079071
    ],
    "ResizeGripHovered": [
        0.4699999988079071,
        0.4699999988079071,
        0.4699999988079071,
        0.6700000166893005
    ],
    "ScrollbarBg": [
        0.2980796992778778,
        0.2655760645866394,
        0.49321264028549194,
        1.0
    ],
    "ScrollbarGrab": [
        1.0,
        0.31674206256866455,
        0.7473373413085938,
        1.0
    ],
    "ScrollbarGrabActive": [
        0.9137254953384399,
        0.16078431904315948,
        0.6352941393852234,
        1.0
    ],
    "ScrollbarGrabHovered": [
        1.0,
        0.21266967058181763,
        0.7088522911071777,
        1.0
    ],
    "Separator": [
        0.0,
        0.9843137264251709,
        1.0,
        0.501960813999176
    ],
    "SeparatorActive": [
        0.7116971015930176,
        0.9910291433334351,
        0.9954751133918762,
        0.501960813999176
    ],
    "SeparatorHovered": [
        0.4137916564941406,
        0.9640923142433167,
        0.9728506803512573,
        0.501960813999176
    ],
    "SliderGrab": [
        0.4699999988079071,
        0.4699999988079071,
        0.4699999988079071,
        1.0
    ],
    "SliderGrabActive": [
        0.5600000023841858,
        0.5600000023841858,
        0.5600000023841858,
        1.0
    ],
    "Tab": [
        0.6606334447860718,
        0.08967874199151993,
        0.44992420077323914,
        1.0
    ],
    "TabActive": [
        0.9411764740943909,
        0.042587168514728546,
        0.5852648615837097,
        1.0
    ],
    "TabHovered": [
        0.837104082107544,
        0.1628754436969757,
        0.5691791772842407,
        1.0
    ],
    "TabUnfocused": [
        0.6877827644348145,
        0.012448555789887905,
        0.4194581210613251,
        1.0
    ],
    "TabUnfocusedActive": [
        0.7137255072593689,
        0.0,
        0.6000000238418579,
        1.0
    ],
    "TableBorderLight": [
        0.3100000023841858,
        0.3100000023841858,
        0.3100000023841858,
        1.0
    ],
    "TableBorderStrong": [
        0.38999998569488525,
        0.38999998569488525,
        0.38999998569488525,
        1.0
    ],
    "TableHeaderBg": [
        0.14000000059604645,
        0.14000000059604645,
        0.14000000059604645,
        1.0
    ],
    "TableRowBg": [
        0.0,
        0.0,
        0.0,
        0.0
    ],
    "TableRowBgAlt": [
        0.07000000029802322,
        0.07000000029802322,
        0.07000000029802322,
        0.11999999731779099
    ],
    "Text": [
        0.9999914169311523,
        0.9999899864196777,
        1.0,
        1.0
    ],
    "TextDisabled": [
        0.7285068035125732,
        0.6431293487548828,
        0.6065396070480347,
        1.0
    ],
    "TextSelectedBg": [
        0.0,
        1.0,
        0.932126522064209,
        0.6000000238418579
    ],
    "TitleBg": [
        0.0784313753247261,
        0.0784313753247261,
        0.0784313753247261,
        0.800000011920929
    ],
    "TitleBgActive": [
        9.999999974752427e-07,
        9.999899930335232e-07,
        9.999997701015673e-07,
        1.0
    ],
    "TitleBgCollapsed": [
        0.12999999523162842,
        0.12999999523162842,
        0.12999999523162842,
        0.5099999904632568
    ],
    "WindowBg": [
        0.4000000059604645,
        0.8196078538894653,
        0.7607843279838562,
        1.0
    ]
}