{
    "Border": [
        0.10000000149011612,
        0.30000001192092896,
        0.5,
        1.0
    ],
    "BorderShadow": [
        0.6877827644348145,
        0.9364263415336609,
        1.0,
        0.0
    ],
    "Button": [
        0.16928398609161377,
        0.43511703610420227,
        0.7058823108673096,
        1.0
    ],
    "ButtonActive": [
        0.34526318311691284,
        0.6220185160636902,
        0.9909502267837524,
        1.0
    ],
    "ButtonHovered": [
        0.25669005513191223,
        0.5762531757354736,
        0.9004524946212769,
        1.0
    ],
    "CheckMark": [
        0.5660817623138428,
        0.9773755669593811,
        0.9382933378219604,
        1.0
    ],
    "ChildBg": [
        0.07698449492454529,
        0.21846061944961548,
        0.36199092864990234,
        1.0
    ],
    "DockingEmptyBg": [
        0.20000000298023224,
        0.30000001192092896,
        0.5,
        1.0
    ],
    "DockingPreview": [
        0.4000000059604645,
        0.5,
        0.699999988079071,
        0.699999988079071
    ],
    "DragDropTarget": [
        0.5,
        0.699999988079071,
        0.8999999761581421,
        0.949999988079071
    ],
    "FrameBg": [
        0.15110255777835846,
        0.3538682460784912,
        0.5565611124038696,
        1.0
    ],
    "FrameBgActive": [
        0.43541285395622253,
        0.7060094475746155,
        0.9819004535675049,
        1.0
    ],
    "FrameBgHovered": [
        0.2645523250102997,
        0.5301351547241211,
        0.8009049892425537,
        1.0
    ],
    "Header": [
        0.006756618153303862,
        0.47545257210731506,
        0.7466063499450684,
        1.0
    ],
    "HeaderActive": [
        0.4573616087436676,
        0.7951198220252991,
        0.9909502267837524,
        1.0
    ],
    "HeaderHovered": [
        0.23355376720428467,
        0.6213423609733582,
        0.8461538553237915,
        1.0
    ],
    "MenuBarBg": [
        0.020474599674344063,
        0.23445315659046173,
        0.45248866081237793,
        1.0
    ],
    "ModalWindowDimBg": [
        0.3438913822174072,
        0.8506029844284058,
        1.0,
        0.3499999940395355
    ],
    "NavHighlight": [
        0.5,
        0.699999988079071,
        0.8999999761581421,
        1.0
    ],
    "NavWindowingDimBg": [
        0.0,
        0.579207181930542,
        1.0,
        0.20000000298023224
    ],
    "NavWindowingHighlight": [
        0.699999988079071,
        0.800000011920929,
        1.0,
        0.699999988079071
    ],
    "PlotHistogram": [
        0.4820539951324463,
        0.7279099225997925,
        0.9773755669593811,
        1.0
    ],
    "PlotHistogramHovered": [
        0.5,
        0.699999988079071,
        0.8999999761581421,
        1.0
    ],
    "PlotLines": [
        0.16862745583057404,
        0.43529412150382996,
        0.7058823704719543,
        1.0
    ],
    "PlotLinesHovered": [
        0.3803361654281616,
        0.676683783531189,
        0.9773755669593811,
        1.0
    ],
    "PopupBg": [
        0.04453225061297417,
        0.1908894032239914,
        0.33936649560928345,
        1.0
    ],
    "ResizeGrip": [
        0.30000001192092896,
        0.30000001192092896,
        0.30000001192092896,
        0.20000000298023224
    ],
    "ResizeGripActive": [
        0.30000001192092896,
        0.30000001192092896,
        0.30000001192092896,
        0.949999988079071
    ],
    "ResizeGripHovered": [
        0.30000001192092896,
        0.30000001192092896,
        0.30000001192092896,
        0.6700000166893005
    ],
    "ScrollbarBg": [
        0.15294118225574493,
        0.3529411852359772,
        0.5568627715110779,
        1.0
    ],
    "ScrollbarGrab": [
        0.2882823050022125,
        0.7170778512954712,
        0.9954751133918762,
        1.0
    ],
    "ScrollbarGrabActive": [
        0.6086894273757935,
        0.8346913456916809,
        0.9819004535675049,
        1.0
    ],
    "ScrollbarGrabHovered": [
        0.4841628670692444,
        0.7965527772903442,
        1.0,
        1.0
    ],
    "Separator": [
        0.16862745583057404,
        0.43529412150382996,
        0.7058823704719543,
        1.0
    ],
    "SeparatorActive": [
        0.44929462671279907,
        0.700183629989624,
        0.9547511339187622,
        1.0
    ],
    "SeparatorHovered": [
        0.30630001425743103,
        0.5742810368537903,
        0.8461538553237915,
        1.0
    ],
    "SliderGrab": [
        0.16862745583057404,
        0.43529412150382996,
        0.7058823704719543,
        1.0
    ],
    "SliderGrabActive": [
        0.3515488803386688,
        0.6300867199897766,
        0.9140271544456482,
        1.0
    ],
    "Tab": [
        0.16862745583057404,
        0.43529412150382996,
        0.7058823704719543,
        1.0
    ],
    "TabActive": [
        0.4245613217353821,
        0.6989548802375793,
        0.9773755669593811,
        1.0
    ],
    "TabHovered": [
        0.29565322399139404,
        0.5756403207778931,
        0.8597285151481628,
        1.0
    ],
    "TabUnfocused": [
        0.4000000059604645,
        0.6000000238418579,
        0.800000011920929,
        0.6000000238418579
    ],
    "TabUnfocusedActive": [
        0.6000000238418579,
        0.800000011920929,
        1.0,
        0.800000011920929
    ],
    "TableBorderLight": [
        0.07999999821186066,
        0.3799999952316284,
        0.5699999928474426,
        1.0
    ],
    "TableBorderStrong": [
        0.10000000149011612,
        0.5,
        0.75,
        1.0
    ],
    "TableHeaderBg": [
        0.01637967862188816,
        0.2357853353023529,
        0.45248866081237793,
        1.0
    ],
    "TableRowBg": [
        0.0,
        0.0,
        0.0,
        0.0
    ],
    "TableRowBgAlt": [
        0.029999999329447746,
        0.07000000029802322,
        0.10000000149011612,
        0.11999999731779099
    ],
    "Text": [
        0.6105525493621826,
        0.930164635181427,
        0.9638009071350098,
        1.0
    ],
    "TextDisabled": [
        0.610859751701355,
        1.0,
        0.9861019253730774,
        1.0
    ],
    "TextSelectedBg": [
        0.0,
        0.49637627601623535,
        1.0,
        1.0
    ],
    "TitleBg": [
        0.15294118225574493,
        0.3529411852359772,
        0.5568627715110779,
        1.0
    ],
    "TitleBgActive": [
        0.15294118225574493,
        0.3529411852359772,
        0.5568627715110779,
        1.0
    ],
    "TitleBgCollapsed": [
        0.5291045904159546,
        0.8342211246490479,
        0.9909502267837524,
        0.5099999904632568
    ],
    "WindowBg": [
        0.07481418550014496,
        0.16820774972438812,
        0.2624434232711792,
        1.0
    ]
}
