{
    "Border": [
        0.550000011920929,
        0.3499999940395355,
        0.25,
        0.0
    ],
    "BorderShadow": [
        0.0,
        0.0,
        0.0,
        0.0
    ],
    "Button": [
        0.6000000238418579,
        0.3799999952316284,
        0.25999999046325684,
        0.7699999809265137
    ],
    "ButtonActive": [
        0.800000011920929,
        0.5,
        0.3499999940395355,
        0.6700000166893005
    ],
    "ButtonHovered": [
        0.699999988079071,
        0.44999998807907104,
        0.3100000023841858,
        0.5899999737739563
    ],
    "CheckMark": [
        0.8600000143051147,
        0.8600000143051147,
        0.8600000143051147,
        1.0
    ],
    "ChildBg": [
        0.14901961386203766,
        0.14901961386203766,
        0.14901961386203766,
        0.9019607901573181
    ],
    "DockingEmptyBg": [
        0.18000000715255737,
        0.18000000715255737,
        0.18000000715255737,
        1.0
    ],
    "DockingPreview": [
        0.800000011920929,
        0.4000000059604645,
        0.33000001311302185,
        0.699999988079071
    ],
    "DragDropTarget": [
        0.800000011920929,
        0.3799999952316284,
        0.3199999928474426,
        1.0
    ],
    "FrameBg": [
        0.2800000011920929,
        0.18000000715255737,
        0.12999999523162842,
        0.5400000214576721
    ],
    "FrameBgActive": [
        0.6000000238418579,
        0.3799999952316284,
        0.25999999046325684,
        0.6700000166893005
    ],
    "FrameBgHovered": [
        0.5,
        0.3199999928474426,
        0.2199999988079071,
        0.4000000059604645
    ],
    "Header": [
        0.6000000238418579,
        0.30000001192092896,
        0.23999999463558197,
        0.5400000214576721
    ],
    "HeaderActive": [
        0.800000011920929,
        0.4000000059604645,
        0.33000001311302185,
        0.800000011920929
    ],
    "HeaderHovered": [
        0.699999988079071,
        0.36000001430511475,
        0.28999999165534973,
        0.800000011920929
    ],
    "MenuBarBg": [
        0.2199999988079071,
        0.15000000596046448,
        0.11999999731779099,
        1.0
    ],
    "ModalWindowDimBg": [
        0.07692307233810425,
        0.07692230492830276,
        0.07692230492830276,
        0.8099547624588013
    ],
    "NavHighlight": [
        0.800000011920929,
        0.3799999952316284,
        0.3199999928474426,
        1.0
    ],
    "NavWindowingDimBg": [
        0.12669682502746582,
        0.12669555842876434,
        0.12669555842876434,
        0.8552036285400391
    ],
    "NavWindowingHighlight": [
        0.800000011920929,
        0.3799999952316284,
        0.3199999928474426,
        1.0
    ],
    "PlotHistogram": [
        0.8999999761581421,
        0.550000011920929,
        0.0,
        1.0
    ],
    "PlotHistogramHovered": [
        1.0,
        0.5,
        0.0,
        1.0
    ],
    "PlotLines": [
        0.6000000238418579,
        0.6000000238418579,
        0.6000000238418579,
        1.0
    ],
    "PlotLinesHovered": [
        0.800000011920929,
        0.3799999952316284,
        0.3199999928474426,
        1.0
    ],
    "PopupBg": [
        0.18000000715255737,
        0.18000000715255737,
        0.18000000715255737,
        0.8999999761581421
    ],
    "ResizeGrip": [
        0.6000000238418579,
        0.3499999940395355,
        0.2800000011920929,
        0.20000000298023224
    ],
    "ResizeGripActive": [
        0.6000000238418579,
        0.3499999940395355,
        0.2800000011920929,
        0.949999988079071
    ],
    "ResizeGripHovered": [
        0.6000000238418579,
        0.3499999940395355,
        0.2800000011920929,
        0.6700000166893005
    ],
    "ScrollbarBg": [
        0.14000000059604645,
        0.10000000149011612,
        0.07999999821186066,
        0.5299999713897705
    ],
    "ScrollbarGrab": [
        0.3700000047683716,
        0.20000000298023224,
        0.15000000596046448,
        1.0
    ],
    "ScrollbarGrabActive": [
        0.6000000238418579,
        0.3499999940395355,
        0.2800000011920929,
        1.0
    ],
    "ScrollbarGrabHovered": [
        0.550000011920929,
        0.28999999165534973,
        0.20999999344348907,
        1.0
    ],
    "Separator": [
        0.550000011920929,
        0.3499999940395355,
        0.25,
        0.5
    ],
    "SeparatorActive": [
        0.800000011920929,
        0.4000000059604645,
        0.33000001311302185,
        1.0
    ],
    "SeparatorHovered": [
        0.699999988079071,
        0.36000001430511475,
        0.28999999165534973,
        0.7799999713897705
    ],
    "SliderGrab": [
        0.5,
        0.3199999928474426,
        0.2199999988079071,
        1.0
    ],
    "SliderGrabActive": [
        0.6000000238418579,
        0.3799999952316284,
        0.25999999046325684,
        1.0
    ],
    "Tab": [
        0.6000000238418579,
        0.3499999940395355,
        0.2800000011920929,
        0.6000000238418579
    ],
    "TabActive": [
        0.800000011920929,
        0.4000000059604645,
        0.33000001311302185,
        0.800000011920929
    ],
    "TabHovered": [
        0.699999988079071,
        0.36000001430511475,
        0.28999999165534973,
        0.800000011920929
    ],
    "TabUnfocused": [
        0.6000000238418579,
        0.3499999940395355,
        0.2800000011920929,
        0.6000000238418579
    ],
    "TabUnfocusedActive": [
        0.699999988079071,
        0.36000001430511475,
        0.28999999165534973,
        0.800000011920929
    ],
    "TableBorderLight": [
        0.6000000238418579,
        0.3499999940395355,
        0.2800000011920929,
        0.30000001192092896
    ],
    "TableBorderStrong": [
        0.6000000238418579,
        0.3499999940395355,
        0.2800000011920929,
        1.0
    ],
    "TableHeaderBg": [
        0.6499999761581421,
        0.3199999928474426,
        0.25999999046325684,
        0.800000011920929
    ],
    "TableRowBg": [
        0.6200000047683716,
        0.36000001430511475,
        0.30000001192092896,
        0.05999999865889549
    ],
    "TableRowBgAlt": [
        0.6700000166893005,
        0.4000000059604645,
        0.33000001311302185,
        0.05999999865889549
    ],
    "Text": [
        0.8600000143051147,
        0.8600000143051147,
        0.8600000143051147,
        1.0
    ],
    "TextDisabled": [
        0.5,
        0.5,
        0.5,
        1.0
    ],
    "TextSelectedBg": [
        0.800000011920929,
        0.3799999952316284,
        0.3199999928474426,
        0.5
    ],
    "TitleBg": [
        0.0859728455543518,
        0.08597198128700256,
        0.08597198128700256,
        0.8054298758506775
    ],
    "TitleBgActive": [
        0.6000000238418579,
        0.30000001192092896,
        0.23999999463558197,
        0.800000011920929
    ],
    "TitleBgCollapsed": [
        0.44999998807907104,
        0.2199999988079071,
        0.18000000715255737,
        0.5099999904632568
    ],
    "WindowBg": [
        0.1085972785949707,
        0.10859619081020355,
        0.10859619081020355,
        1.0
    ]
}