{
    "Border": [
        0.41960784792900085,
        0.41960784792900085,
        0.41960784792900085,
        0.0
    ],
    "BorderShadow": [
        0.0,
        0.0,
        0.0,
        0.0
    ],
    "Button": [
        0.7511312365531921,
        0.5818561315536499,
        0.07817202806472778,
        1.0
    ],
    "ButtonActive": [
        0.9230769276618958,
        0.7510501742362976,
        0.2506090998649597,
        1.0
    ],
    "ButtonHovered": [
        0.8687782883644104,
        0.6917861104011536,
        0.17690055072307587,
        1.0
    ],
    "CheckMark": [
        0.986415445804596,
        0.9864188432693481,
        0.9864253401756287,
        1.0
    ],
    "ChildBg": [
        0.10588235408067703,
        0.10588235408067703,
        0.10588235408067703,
        1.0
    ],
    "DockingEmptyBg": [
        0.9909502267837524,
        0.8592053651809692,
        0.4618455469608307,
        1.0
    ],
    "DockingPreview": [
        0.9909502267837524,
        0.8167789578437805,
        0.2914559245109558,
        1.0
    ],
    "DragDropTarget": [
        0.25999999046325684,
        0.5899999737739563,
        0.9800000190734863,
        0.949999988079071
    ],
    "FrameBg": [
        0.6425338983535767,
        0.48398372530937195,
        0.005814786069095135,
        1.0
    ],
    "FrameBgActive": [
        0.8054298758506775,
        0.6055871248245239,
        0.010933436453342438,
        1.0
    ],
    "FrameBgHovered": [
        0.7330316305160522,
        0.5519867539405823,
        0.013267540372908115,
        1.0
    ],
    "Header": [
        0.20327182114124298,
        0.24958010017871857,
        0.307692289352417,
        1.0
    ],
    "HeaderActive": [
        0.34931719303131104,
        0.4385127127170563,
        0.5475113391876221,
        1.0
    ],
    "HeaderHovered": [
        0.2741958200931549,
        0.340179443359375,
        0.4208144545555115,
        1.0
    ],
    "MenuBarBg": [
        0.10000000149011612,
        0.10000000149011612,
        0.10000000149011612,
        1.0
    ],
    "ModalWindowDimBg": [
        0.0784313753247261,
        0.0784313753247261,
        0.0784313753247261,
        0.3490196168422699
    ],
    "NavHighlight": [
        0.9803921580314636,
        0.7372549176216125,
        0.003921568859368563,
        1.0
    ],
    "NavWindowingDimBg": [
        0.20000000298023224,
        0.20000000298023224,
        0.20000000298023224,
        0.20000000298023224
    ],
    "NavWindowingHighlight": [
        0.699999988079071,
        0.699999988079071,
        0.699999988079071,
        0.699999988079071
    ],
    "PlotHistogram": [
        0.4699999988079071,
        0.4699999988079071,
        0.4699999988079071,
        1.0
    ],
    "PlotHistogramHovered": [
        0.5899999737739563,
        0.5899999737739563,
        0.5899999737739563,
        1.0
    ],
    "PlotLines": [
        0.6100000143051147,
        0.6100000143051147,
        0.6100000143051147,
        1.0
    ],
    "PlotLinesHovered": [
        0.8600000143051147,
        0.8600000143051147,
        0.8600000143051147,
        1.0
    ],
    "PopupBg": [
        0.10588235408067703,
        0.10588235408067703,
        0.10588235408067703,
        1.0
    ],
    "ResizeGrip": [
        0.4699999988079071,
        0.4699999988079071,
        0.4699999988079071,
        0.20000000298023224
    ],
    "ResizeGripActive": [
        0.4699999988079071,
        0.4699999988079071,
        0.4699999988079071,
        0.949999988079071
    ],
    "ResizeGripHovered": [
        0.4699999988079071,
        0.4699999988079071,
        0.4699999988079071,
        0.6700000166893005
    ],
    "ScrollbarBg": [
        0.07297147065401077,
        0.14608120918273926,
        0.29864251613616943,
        1.0
    ],
    "ScrollbarGrab": [
        0.529411792755127,
        0.4000000059604645,
        0.01568627543747425,
        1.0
    ],
    "ScrollbarGrabActive": [
        0.8054298758506775,
        0.6557836532592773,
        0.2113797664642334,
        1.0
    ],
    "ScrollbarGrabHovered": [
        0.7194570302963257,
        0.5652821063995361,
        0.10743022710084915,
        1.0
    ],
    "Separator": [
        0.5429863929748535,
        0.007370855659246445,
        0.0750277042388916,
        1.0
    ],
    "SeparatorActive": [
        0.6606334447860718,
        0.2002825289964676,
        0.2604827284812927,
        1.0
    ],
    "SeparatorHovered": [
        0.6380090713500977,
        0.12125058472156525,
        0.18882669508457184,
        1.0
    ],
    "SliderGrab": [
        0.47058823704719543,
        0.47058823704719543,
        0.47058823704719543,
        1.0
    ],
    "SliderGrabActive": [
        0.5600000023841858,
        0.5600000023841858,
        0.5600000023841858,
        1.0
    ],
    "Tab": [
        0.4699999988079071,
        0.4699999988079071,
        0.4699999988079071,
        0.6000000238418579
    ],
    "TabActive": [
        0.6899999976158142,
        0.6899999976158142,
        0.6899999976158142,
        1.0
    ],
    "TabHovered": [
        0.6100000143051147,
        0.6100000143051147,
        0.6100000143051147,
        0.800000011920929
    ],
    "TabUnfocused": [
        0.4699999988079071,
        0.4699999988079071,
        0.4699999988079071,
        0.6000000238418579
    ],
    "TabUnfocusedActive": [
        0.6100000143051147,
        0.6100000143051147,
        0.6100000143051147,
        0.800000011920929
    ],
    "TableBorderLight": [
        0.3100000023841858,
        0.3100000023841858,
        0.3100000023841858,
        1.0
    ],
    "TableBorderStrong": [
        0.38999998569488525,
        0.38999998569488525,
        0.38999998569488525,
        1.0
    ],
    "TableHeaderBg": [
        0.14000000059604645,
        0.14000000059604645,
        0.14000000059604645,
        1.0
    ],
    "TableRowBg": [
        0.0,
        0.0,
        0.0,
        0.0
    ],
    "TableRowBgAlt": [
        0.07000000029802322,
        0.07000000029802322,
        0.07000000029802322,
        0.11999999731779099
    ],
    "Text": [
        1.0,
        0.9999974966049194,
        0.9999899864196777,
        1.0
    ],
    "TextDisabled": [
        0.4570135474205017,
        0.3938848674297333,
        0.181978240609169,
        1.0
    ],
    "TextSelectedBg": [
        0.9803921580314636,
        0.7372549176216125,
        0.003921568859368563,
        1.0
    ],
    "TitleBg": [
        0.0784313753247261,
        0.0784313753247261,
        0.0784313753247261,
        0.800000011920929
    ],
    "TitleBgActive": [
        0.1599999964237213,
        0.1599999964237213,
        0.1599999964237213,
        0.800000011920929
    ],
    "TitleBgCollapsed": [
        0.12999999523162842,
        0.12999999523162842,
        0.12999999523162842,
        0.5099999904632568
    ],
    "WindowBg": [
        0.6696764826774597,
        0.6696789264678955,
        0.6696832180023193,
        1.0
    ]
}