{
    "Border": [
        0.41960784792900085,
        0.41960784792900085,
        0.41960784792900085,
        0.0
    ],
    "BorderShadow": [
        0.0,
        0.0,
        0.0,
        0.0
    ],
    "Button": [
        1.0,
        0.855603039264679,
        0.29864251613616943,
        1.0
    ],
    "ButtonActive": [
        0.9819004535675049,
        0.8909805417060852,
        0.5420445799827576,
        1.0
    ],
    "ButtonHovered": [
        0.9954751133918762,
        0.8772279024124146,
        0.4234147369861603,
        1.0
    ],
    "CheckMark": [
        0.986415445804596,
        0.9864188432693481,
        0.9864253401756287,
        1.0
    ],
    "ChildBg": [
        0.6470588445663452,
        0.6470588445663452,
        0.6392157077789307,
        1.0
    ],
    "DockingEmptyBg": [
        1.0,
        0.8850787878036499,
        0.5384615659713745,
        1.0
    ],
    "DockingPreview": [
        0.9773755669593811,
        0.8493943214416504,
        0.3582236170768738,
        1.0
    ],
    "DragDropTarget": [
        0.25999999046325684,
        0.5899999737739563,
        0.9800000190734863,
        0.949999988079071
    ],
    "FrameBg": [
        0.9686274528503418,
        0.729411780834198,
        0.0,
        1.0
    ],
    "FrameBgActive": [
        0.9819004535675049,
        0.8699799180030823,
        0.5287156701087952,
        1.0
    ],
    "FrameBgHovered": [
        0.9864253401756287,
        0.813361644744873,
        0.28566160798072815,
        1.0
    ],
    "Header": [
        0.9686274528503418,
        0.729411780834198,
        0.0,
        1.0
    ],
    "HeaderActive": [
        0.9909502267837524,
        0.8580654859542847,
        0.4528776705265045,
        1.0
    ],
    "HeaderHovered": [
        0.9819004535675049,
        0.804144561290741,
        0.262136310338974,
        1.0
    ],
    "MenuBarBg": [
        0.7058823704719543,
        0.7058823704719543,
        0.7058823704719543,
        1.0
    ],
    "ModalWindowDimBg": [
        0.0784313753247261,
        0.0784313753247261,
        0.0784313753247261,
        0.0
    ],
    "NavHighlight": [
        9.999999974752427e-07,
        9.999976100516506e-07,
        9.999899930335232e-07,
        1.0
    ],
    "NavWindowingDimBg": [
        0.20000000298023224,
        0.20000000298023224,
        0.20000000298023224,
        0.20000000298023224
    ],
    "NavWindowingHighlight": [
        0.699999988079071,
        0.699999988079071,
        0.699999988079071,
        0.699999988079071
    ],
    "PlotHistogram": [
        0.4699999988079071,
        0.4699999988079071,
        0.4699999988079071,
        0.0
    ],
    "PlotHistogramHovered": [
        0.5899999737739563,
        0.5899999737739563,
        0.5899999737739563,
        1.0
    ],
    "PlotLines": [
        0.6100000143051147,
        0.6100000143051147,
        0.6100000143051147,
        1.0
    ],
    "PlotLinesHovered": [
        0.8600000143051147,
        0.8600000143051147,
        0.8600000143051147,
        1.0
    ],
    "PopupBg": [
        0.7058823704719543,
        0.7058823704719543,
        0.7058823704719543,
        1.0
    ],
    "ResizeGrip": [
        0.4699999988079071,
        0.4699999988079071,
        0.4699999988079071,
        0.20000000298023224
    ],
    "ResizeGripActive": [
        0.4699999988079071,
        0.4699999988079071,
        0.4699999988079071,
        0.949999988079071
    ],
    "ResizeGripHovered": [
        0.4699999988079071,
        0.4699999988079071,
        0.4699999988079071,
        0.6700000166893005
    ],
    "ScrollbarBg": [
        0.5882353186607361,
        0.5882353186607361,
        0.5882353186607361,
        1.0
    ],
    "ScrollbarGrab": [
        0.9686274528503418,
        0.729411780834198,
        0.0,
        1.0
    ],
    "ScrollbarGrabActive": [
        0.9819004535675049,
        0.8469374179840088,
        0.43541285395622253,
        1.0
    ],
    "ScrollbarGrabHovered": [
        0.9773755669593811,
        0.7960703372955322,
        0.24323825538158417,
        1.0
    ],
    "Separator": [
        0.5927602052688599,
        0.20920947194099426,
        0.2612753212451935,
        1.0
    ],
    "SeparatorActive": [
        0.8823529481887817,
        0.4351876378059387,
        0.4936635196208954,
        1.0
    ],
    "SeparatorHovered": [
        0.7330316305160522,
        0.275301456451416,
        0.33515891432762146,
        1.0
    ],
    "SliderGrab": [
        0.47058823704719543,
        0.47058823704719543,
        0.47058823704719543,
        1.0
    ],
    "SliderGrabActive": [
        0.5600000023841858,
        0.5600000023841858,
        0.5600000023841858,
        1.0
    ],
    "Tab": [
        0.4699999988079071,
        0.4699999988079071,
        0.4699999988079071,
        0.6000000238418579
    ],
    "TabActive": [
        0.6899999976158142,
        0.6899999976158142,
        0.6899999976158142,
        1.0
    ],
    "TabHovered": [
        0.6100000143051147,
        0.6100000143051147,
        0.6100000143051147,
        0.800000011920929
    ],
    "TabUnfocused": [
        0.4699999988079071,
        0.4699999988079071,
        0.4699999988079071,
        0.6000000238418579
    ],
    "TabUnfocusedActive": [
        0.6100000143051147,
        0.6100000143051147,
        0.6100000143051147,
        0.800000011920929
    ],
    "TableBorderLight": [
        0.3100000023841858,
        0.3100000023841858,
        0.3100000023841858,
        1.0
    ],
    "TableBorderStrong": [
        0.38999998569488525,
        0.38999998569488525,
        0.38999998569488525,
        1.0
    ],
    "TableHeaderBg": [
        0.14000000059604645,
        0.14000000059604645,
        0.14000000059604645,
        1.0
    ],
    "TableRowBg": [
        0.0,
        0.0,
        0.0,
        0.0
    ],
    "TableRowBgAlt": [
        0.07000000029802322,
        0.07000000029802322,
        0.07000000029802322,
        0.11999999731779099
    ],
    "Text": [
        9.999999974752427e-07,
        9.977375157177448e-07,
        9.90950184132089e-07,
        1.0
    ],
    "TextDisabled": [
        0.29864251613616943,
        0.2803468406200409,
        0.2148604542016983,
        1.0
    ],
    "TextSelectedBg": [
        1.0,
        0.8549019694328308,
        0.2980392277240753,
        1.0
    ],
    "TitleBg": [
        0.696832537651062,
        0.6873732805252075,
        0.6873732805252075,
        0.7375565767288208
    ],
    "TitleBgActive": [
        0.5882353186607361,
        0.5882353186607361,
        0.5882353186607361,
        1.0
    ],
    "TitleBgCollapsed": [
        0.5882353186607361,
        0.5882353186607361,
        0.5882353186607361,
        1.0
    ],
    "WindowBg": [
        0.9999899864196777,
        0.9999933242797852,
        1.0,
        1.0
    ]
}
