{
    "Border": [
        0.4941176474094391,
        0.5921568870544434,
        0.6313725709915161,
        0.0
    ],
    "BorderShadow": [
        0.6451340913772583,
        0.9740259647369385,
        0.6707620620727539,
        0.0
    ],
    "Button": [
        0.4941176474094391,
        0.5921568870544434,
        0.6313725709915161,
        1.0
    ],
    "ButtonActive": [
        0.6149247288703918,
        0.8219592571258545,
        0.9047619104385376,
        1.0
    ],
    "ButtonHovered": [
        0.5997825860977173,
        0.7434139251708984,
        0.8008657693862915,
        1.0
    ],
    "CheckMark": [
        0.7561982274055481,
        1.0,
        0.7445887327194214,
        1.0
    ],
    "ChildBg": [
        0.11764705926179886,
        0.14509804546833038,
        0.16862745583057404,
        1.0
    ],
    "CustomButton": [
        0.4941176474094391,
        0.5921568870544434,
        0.6313725709915161,
        1.0
    ],
    "CustomButtonActive": [
        0.615686297416687,
        0.8235294222831726,
        0.9058823585510254,
        1.0
    ],
    "CustomButtonHovered": [
        0.6000000238418579,
        0.7450980544090271,
        0.800000011920929,
        1.0
    ],
    "DockingEmptyBg": [
        0.7530218362808228,
        0.9610389471054077,
        0.9579342603683472,
        1.0
    ],
    "DockingPreview": [
        0.7346189022064209,
        0.9605415463447571,
        0.9696969985961914,
        0.699999988079071
    ],
    "DragDropTarget": [
        0.5408444404602051,
        0.9610389471054077,
        0.933753490447998,
        0.949999988079071
    ],
    "FrameBg": [
        0.9105901718139648,
        0.9783549904823303,
        0.9616338610649109,
        0.5400000214576721
    ],
    "FrameBgActive": [
        0.7568627595901489,
        1.0,
        0.7450980544090271,
        1.0
    ],
    "FrameBgHovered": [
        0.8554700016975403,
        0.9610389471054077,
        0.84038907289505,
        0.4000000059604645
    ],
    "Header": [
        0.3882986009120941,
        0.6406926512718201,
        0.5194118022918701,
        1.0
    ],
    "HeaderActive": [
        0.6414796710014343,
        0.9090908765792847,
        0.7802410125732422,
        1.0
    ],
    "HeaderHovered": [
        0.5277262330055237,
        0.761904776096344,
        0.6491519212722778,
        1.0
    ],
    "MenuBarBg": [
        0.4941176474094391,
        0.5921568870544434,
        0.6313725709915161,
        1.0
    ],
    "ModalWindowDimBg": [
        0.11764705926179886,
        0.14509804546833038,
        0.16862745583057404,
        0.7375565767288208
    ],
    "NavHighlight": [
        0.6198347210884094,
        0.9050297737121582,
        0.9740259647369385,
        1.0
    ],
    "NavWindowingDimBg": [
        9.999999974752427e-07,
        9.999899930335232e-07,
        9.999899930335232e-07,
        0.20000000298023224
    ],
    "NavWindowingHighlight": [
        0.8571428656578064,
        0.8571342825889587,
        0.8571342825889587,
        0.699999988079071
    ],
    "PlotHistogram": [
        0.6857817769050598,
        0.8576579689979553,
        0.9264069199562073,
        1.0
    ],
    "PlotHistogramHovered": [
        0.7731301784515381,
        0.9104461073875427,
        0.9653679728507996,
        1.0
    ],
    "PlotLines": [
        0.4941176474094391,
        0.5921568870544434,
        0.6313725709915161,
        1.0
    ],
    "PlotLinesHovered": [
        0.6270871758460999,
        0.7914156913757324,
        0.8571428656578064,
        1.0
    ],
    "PopupBg": [
        0.11764705926179886,
        0.14509804546833038,
        0.16862745583057404,
        1.0
    ],
    "ResizeGrip": [
        0.41779574751853943,
        0.6796536445617676,
        0.642245352268219,
        0.20000000298023224
    ],
    "ResizeGripActive": [
        0.4941176474094391,
        0.5921568870544434,
        0.6313725709915161,
        1.0
    ],
    "ResizeGripHovered": [
        0.4793013632297516,
        0.7965368032455444,
        0.6770584583282471,
        0.20000000298023224
    ],
    "ScrollbarBg": [
        0.22745098173618317,
        0.4117647111415863,
        0.3764705955982208,
        0.529411792755127
    ],
    "ScrollbarGrab": [
        0.4941176474094391,
        0.5921568870544434,
        0.6313725709915161,
        1.0
    ],
    "ScrollbarGrabActive": [
        0.5742958188056946,
        0.9826839566230774,
        0.871540367603302,
        1.0
    ],
    "ScrollbarGrabHovered": [
        0.7224939465522766,
        0.9220778942108154,
        0.8935649991035461,
        1.0
    ],
    "Separator": [
        0.4941176474094391,
        0.5921568870544434,
        0.6313725709915161,
        1.0
    ],
    "SeparatorActive": [
        0.6499128937721252,
        0.8164889216423035,
        0.8831169009208679,
        1.0
    ],
    "SeparatorHovered": [
        0.5605779886245728,
        0.7074776887893677,
        0.7662338018417358,
        1.0
    ],
    "SliderGrab": [
        0.7607843279838562,
        0.9607843160629272,
        0.8588235378265381,
        1.0
    ],
    "SliderGrabActive": [
        0.729411780834198,
        0.9882352948188782,
        0.8509804010391235,
        0.729411780834198
    ],
    "Tab": [
        0.6031371355056763,
        0.9350649118423462,
        0.8876465559005737,
        0.6000000238418579
    ],
    "TabActive": [
        0.4941176474094391,
        0.5921568870544434,
        0.6313725709915161,
        1.0
    ],
    "TabHovered": [
        0.3913157284259796,
        0.6796536445617676,
        0.5722336769104004,
        0.800000011920929
    ],
    "TabUnfocused": [
        0.3232323229312897,
        0.36446163058280945,
        0.3809523582458496,
        1.0
    ],
    "TabUnfocusedActive": [
        0.4158843159675598,
        0.5702854990959167,
        0.6320346593856812,
        1.0
    ],
    "TableBorderLight": [
        0.8107419013977051,
        0.9211919903755188,
        0.9653679728507996,
        1.0
    ],
    "TableBorderStrong": [
        0.6198347210884094,
        0.7615119814872742,
        0.8181818127632141,
        1.0
    ],
    "TableHeaderBg": [
        0.4941176474094391,
        0.5921568870544434,
        0.6313725709915161,
        1.0
    ],
    "TableRowBg": [
        9.999999974752427e-07,
        9.999899930335232e-07,
        9.999899930335232e-07,
        0.0
    ],
    "TableRowBgAlt": [
        0.07000000029802322,
        0.07000000029802322,
        0.07000000029802322,
        0.11999999731779099
    ],
    "Text": [
        0.9999899864196777,
        0.9999899864196777,
        1.0,
        1.0
    ],
    "TextDisabled": [
        0.7420739531517029,
        0.7420812845230103,
        0.7420814037322998,
        1.0
    ],
    "TextSelectedBg": [
        0.2244710624217987,
        0.9783549904823303,
        0.9489827752113342,
        0.6000000238418579
    ],
    "TitleBg": [
        0.11764705926179886,
        0.14509804546833038,
        0.16862745583057404,
        0.8280543088912964
    ],
    "TitleBgActive": [
        0.4941176474094391,
        0.5921568870544434,
        0.6313725709915161,
        1.0
    ],
    "TitleBgCollapsed": [
        0.5217293500900269,
        0.6926406621932983,
        0.6400525569915771,
        0.7686274647712708
    ],
    "WindowBg": [
        0.08251263946294785,
        0.1014314815402031,
        0.11764705181121826,
        1.0
    ]
}