{
    "Border": [
        0.41960784792900085,
        0.41960784792900085,
        0.41960784792900085,
        0.0
    ],
    "BorderShadow": [
        0.0,
        0.0,
        0.0,
        0.0
    ],
    "Button": [
        0.1921568661928177,
        0.3843137323856354,
        0.5098039507865906,
        1.0
    ],
    "ButtonActive": [
        0.38823530077934265,
        0.7254902124404907,
        0.9215686321258545,
        1.0
    ],
    "ButtonHovered": [
        0.38823530077934265,
        0.7254902124404907,
        0.9215686321258545,
        1.0
    ],
    "CheckMark": [
        0.8600000143051147,
        0.8600000143051147,
        0.8600000143051147,
        1.0
    ],
    "ChildBg": [
        0.13333334028720856,
        0.16470588743686676,
        0.20000000298023224,
        1.0
    ],
    "DockingEmptyBg": [
        0.20000000298023224,
        0.20000000298023224,
        0.20000000298023224,
        1.0
    ],
    "DockingPreview": [
        0.3294117748737335,
        0.3294117748737335,
        0.3294117748737335,
        0.7019608020782471
    ],
    "DragDropTarget": [
        0.4000000059604645,
        0.7529411911964417,
        0.95686274766922,
        0.9490196108818054
    ],
    "FrameBg": [
        0.10196078568696976,
        0.125490203499794,
        0.14901961386203766,
        1.0
    ],
    "FrameBgActive": [
        0.47058823704719543,
        0.47058823704719543,
        0.47058823704719543,
        0.6705882549285889
    ],
    "FrameBgHovered": [
        0.10196078568696976,
        0.125490203499794,
        0.14901961386203766,
        1.0
    ],
    "Header": [
        0.1921568661928177,
        0.3843137323856354,
        0.5098039507865906,
        1.0
    ],
    "HeaderActive": [
        0.37370672821998596,
        0.6798627376556396,
        0.8798011541366577,
        1.0
    ],
    "HeaderHovered": [
        0.26571229100227356,
        0.5307258367538452,
        0.7037957310676575,
        1.0
    ],
    "MenuBarBg": [
        0.10196078568696976,
        0.10196078568696976,
        0.10196078568696976,
        1.0
    ],
    "ModalWindowDimBg": [
        0.16800078749656677,
        0.20196355879306793,
        0.2401716709136963,
        0.3490196168422699
    ],
    "NavHighlight": [
        0.4000000059604645,
        0.7529411911964417,
        0.95686274766922,
        1.0
    ],
    "NavWindowingDimBg": [
        0.20000000298023224,
        0.20000000298023224,
        0.20000000298023224,
        0.20000000298023224
    ],
    "NavWindowingHighlight": [
        0.7019608020782471,
        0.7019608020782471,
        0.7019608020782471,
        0.7019608020782471
    ],
    "PlotHistogram": [
        0.4699999988079071,
        0.4699999988079071,
        0.4699999988079071,
        1.0
    ],
    "PlotHistogramHovered": [
        0.5899999737739563,
        0.5899999737739563,
        0.5899999737739563,
        1.0
    ],
    "PlotLines": [
        0.6100000143051147,
        0.6100000143051147,
        0.6100000143051147,
        1.0
    ],
    "PlotLinesHovered": [
        0.8600000143051147,
        0.8600000143051147,
        0.8600000143051147,
        1.0
    ],
    "PopupBg": [
        0.13333334028720856,
        0.16470588743686676,
        0.20000000298023224,
        1.0
    ],
    "ResizeGrip": [
        0.4699999988079071,
        0.4699999988079071,
        0.4699999988079071,
        0.20000000298023224
    ],
    "ResizeGripActive": [
        0.4699999988079071,
        0.4699999988079071,
        0.4699999988079071,
        0.949999988079071
    ],
    "ResizeGripHovered": [
        0.4699999988079071,
        0.4699999988079071,
        0.4699999988079071,
        0.6700000166893005
    ],
    "ScrollbarBg": [
        0.20361989736557007,
        0.20177718997001648,
        0.20177718997001648,
        0.0
    ],
    "ScrollbarGrab": [
        0.26274511218070984,
        0.2862745225429535,
        0.32549020648002625,
        1.0
    ],
    "ScrollbarGrabActive": [
        0.4009612202644348,
        0.43403390049934387,
        0.48915499448776245,
        1.0
    ],
    "ScrollbarGrabHovered": [
        0.3358531594276428,
        0.36275503039360046,
        0.40759146213531494,
        1.0
    ],
    "Separator": [
        0.41999998688697815,
        0.41999998688697815,
        0.41999998688697815,
        0.5
    ],
    "SeparatorActive": [
        0.4699999988079071,
        0.4699999988079071,
        0.4699999988079071,
        1.0
    ],
    "SeparatorHovered": [
        0.38999998569488525,
        0.38999998569488525,
        0.38999998569488525,
        0.7799999713897705
    ],
    "SliderGrab": [
        0.4699999988079071,
        0.4699999988079071,
        0.4699999988079071,
        1.0
    ],
    "SliderGrabActive": [
        0.5600000023841858,
        0.5600000023841858,
        0.5600000023841858,
        1.0
    ],
    "Tab": [
        0.4699999988079071,
        0.4699999988079071,
        0.4699999988079071,
        0.6000000238418579
    ],
    "TabActive": [
        0.6899999976158142,
        0.6899999976158142,
        0.6899999976158142,
        1.0
    ],
    "TabHovered": [
        0.6100000143051147,
        0.6100000143051147,
        0.6100000143051147,
        0.800000011920929
    ],
    "TabUnfocused": [
        0.4699999988079071,
        0.4699999988079071,
        0.4699999988079071,
        0.6000000238418579
    ],
    "TabUnfocusedActive": [
        0.6100000143051147,
        0.6100000143051147,
        0.6100000143051147,
        0.800000011920929
    ],
    "TableBorderLight": [
        0.30980393290519714,
        0.30980393290519714,
        0.30980393290519714,
        1.0
    ],
    "TableBorderStrong": [
        0.38999998569488525,
        0.38999998569488525,
        0.38999998569488525,
        1.0
    ],
    "TableHeaderBg": [
        0.1411764770746231,
        0.1411764770746231,
        0.1411764770746231,
        1.0
    ],
    "TableRowBg": [
        0.0,
        0.0,
        0.0,
        0.0
    ],
    "TableRowBgAlt": [
        0.07000000029802322,
        0.07000000029802322,
        0.07000000029802322,
        0.11999999731779099
    ],
    "Text": [
        1.0,
        1.0,
        1.0,
        1.0
    ],
    "TextDisabled": [
        0.8583371043205261,
        0.8583371043205261,
        0.8583371043205261,
        1.0
    ],
    "TextSelectedBg": [
        0.4000000059604645,
        0.7529411911964417,
        0.95686274766922,
        0.6000000238418579
    ],
    "TitleBg": [
        0.10975584387779236,
        0.24078220129013062,
        0.3603705167770386,
        0.800000011920929
    ],
    "TitleBgActive": [
        0.27070245146751404,
        0.31895962357521057,
        0.3732489347457886,
        0.800000011920929
    ],
    "TitleBgCollapsed": [
        0.12999999523162842,
        0.12999999523162842,
        0.12999999523162842,
        0.5099999904632568
    ],
    "WindowBg": [
        0.08627451211214066,
        0.11372549086809158,
        0.14509804546833038,
        1.0
    ],
    "achievemetAscentbarColor": [
        0.4000000059604645,
        0.7529411911964417,
        0.95686274766922,
        1.0
    ],
    "achievemetBackgroundColor": [
        0.4000000059604645,
        0.7529411911964417,
        0.95686274766922,
        0.11764705926179886
    ],
    "achievemetMessageColor": [
        0.8627451062202454,
        0.8627451062202454,
        0.8627451062202454,
        1.0
    ],
    "achievemetTitleColor": [
        1.0,
        1.0,
        1.0,
        1.0
    ],