{
    "Border": [
        0.8999999761581421,
        0.699999988079071,
        0.10000000149011612,
        1.0
    ],
    "BorderShadow": [
        0.800000011920929,
        0.6000000238418579,
        0.0,
        0.5
    ],
    "Button": [
        0.949999988079071,
        0.800000011920929,
        0.20000000298023224,
        1.0
    ],
    "ButtonActive": [
        1.0,
        0.8999999761581421,
        0.30000001192092896,
        1.0
    ],
    "ButtonHovered": [
        1.0,
        0.8500000238418579,
        0.25,
        1.0
    ],
    "CheckMark": [
        1.0,
        1.0,
        0.5,
        1.0
    ],
    "ChildBg": [
        0.8999999761581421,
        0.8500000238418579,
        0.15000000596046448,
        0.0
    ],
    "CustomButton": [
        0.0,
        0.0,
        0.0,
        0.0
    ],
    "CustomButtonActive": [
        0.0,
        0.0,
        0.0,
        0.0
    ],
    "CustomButtonHovered": [
        0.0,
        0.0,
        0.0,
        0.0
    ],
    "DockingEmptyBg": [
        0.8999999761581421,
        0.800000011920929,
        0.10000000149011612,
        1.0
    ],
    "DockingPreview": [
        0.949999988079071,
        0.8999999761581421,
        0.20000000298023224,
        0.699999988079071
    ],
    "DragDropTarget": [
        1.0,
        0.949999988079071,
        0.30000001192092896,
        0.949999988079071
    ],
    "FrameBg": [
        0.8999999761581421,
        0.800000011920929,
        0.10000000149011612,
        0.5
    ],
    "FrameBgActive": [
        0.949999988079071,
        0.8999999761581421,
        0.20000000298023224,
        0.699999988079071
    ],
    "FrameBgHovered": [
        0.9200000166893005,
        0.8500000238418579,
        0.15000000596046448,
        0.4000000059604645
    ],
    "Header": [
        0.949999988079071,
        0.8999999761581421,
        0.20000000298023224,
        1.0
    ],
    "HeaderActive": [
        0.949999988079071,
        0.8999999761581421,
        0.20000000298023224,
        0.800000011920929
    ],
    "HeaderHovered": [
        0.9200000166893005,
        0.8500000238418579,
        0.15000000596046448,
        0.800000011920929
    ],
    "MenuBarBg": [
        0.5,
        0.4000000059604645,
        0.05000000074505806,
        1.0
    ],
    "ModalWindowDimBg": [
        0.6000000238418579,
        0.6000000238418579,
        0.6000000238418579,
        0.3499999940395355
    ],
    "NavHighlight": [
        1.0,
        0.949999988079071,
        0.30000001192092896,
        1.0
    ],
    "NavWindowingDimBg": [
        0.10000000149011612,
        0.10000000149011612,
        0.10000000149011612,
        0.20000000298023224
    ],
    "NavWindowingHighlight": [
        0.800000011920929,
        0.800000011920929,
        0.0,
        0.699999988079071
    ],
    "PlotHistogram": [
        0.800000011920929,
        0.8999999761581421,
        0.4000000059604645,
        1.0
    ],
    "PlotHistogramHovered": [
        0.8999999761581421,
        1.0,
        0.5,
        1.0
    ],
    "PlotLines": [
        0.8999999761581421,
        1.0,
        0.5,
        1.0
    ],
    "PlotLinesHovered": [
        1.0,
        1.0,
        1.0,
        1.0
    ],
    "PopupBg": [
        0.20000000298023224,
        0.15000000596046448,
        0.029999999329447746,
        0.9399999976158142
    ],
    "ResizeGrip": [
        0.30000001192092896,
        0.30000001192092896,
        0.30000001192092896,
        0.20000000298023224
    ],
    "ResizeGripActive": [
        0.30000001192092896,
        0.30000001192092896,
        0.30000001192092896,
        0.949999988079071
    ],
    "ResizeGripHovered": [
        0.30000001192092896,
        0.30000001192092896,
        0.30000001192092896,
        0.6700000166893005
    ],
    "ScrollbarBg": [
        0.5,
        0.4000000059604645,
        0.05000000074505806,
        0.5299999713897705
    ],
    "ScrollbarGrab": [
        0.699999988079071,
        0.6000000238418579,
        0.10000000149011612,
        1.0
    ],
    "ScrollbarGrabActive": [
        0.699999988079071,
        0.6000000238418579,
        0.10000000149011612,
        1.0
    ],
    "ScrollbarGrabHovered": [
        0.75,
        0.6499999761581421,
        0.15000000596046448,
        1.0
    ],
    "Separator": [
        0.5,
        0.4000000059604645,
        0.10000000149011612,
        0.5
    ],
    "SeparatorActive": [
        0.800000011920929,
        0.699999988079071,
        0.20000000298023224,
        1.0
    ],
    "SeparatorHovered": [
        0.6000000238418579,
        0.550000011920929,
        0.11999999731779099,
        0.7799999713897705
    ],
    "SliderGrab": [
        0.699999988079071,
        0.6000000238418579,
        0.10000000149011612,
        1.0
    ],
    "SliderGrabActive": [
        0.800000011920929,
        0.6299999952316284,
        0.12999999523162842,
        1.0
    ],
    "Tab": [
        0.699999988079071,
        0.6000000238418579,
        0.10000000149011612,
        0.6000000238418579
    ],
    "TabActive": [
        0.8999999761581421,
        0.8500000238418579,
        0.25,
        1.0
    ],
    "TabHovered": [
        0.8500000238418579,
        0.800000011920929,
        0.20000000298023224,
        0.800000011920929
    ],
    "TabUnfocused": [
        0.699999988079071,
        0.6000000238418579,
        0.10000000149011612,
        0.6000000238418579
    ],
    "TabUnfocusedActive": [
        0.800000011920929,
        0.800000011920929,
        0.0,
        0.800000011920929
    ],
    "TableBorderLight": [
        0.07999999821186066,
        0.3799999952316284,
        0.18000000715255737,
        1.0
    ],
    "TableBorderStrong": [
        0.10000000149011612,
        0.5,
        0.25,
        1.0
    ],
    "TableHeaderBg": [
        0.07000000029802322,
        0.14000000059604645,
        0.07000000029802322,
        1.0
    ],
    "TableRowBg": [
        0.0,
        0.0,
        0.0,
        0.0
    ],
    "TableRowBgAlt": [
        0.029999999329447746,
        0.07000000029802322,
        0.029999999329447746,
        0.11999999731779099
    ],
    "Text": [
        0.10000000149011612,
        0.10000000149011612,
        0.10000000149011612,
        1.0
    ],
    "TextDisabled": [
        0.5,
        0.5,
        0.5,
        1.0
    ],
    "TextSelectedBg": [
        0.8999999761581421,
        0.699999988079071,
        0.10000000149011612,
        0.6000000238418579
    ],
    "TitleBg": [
        0.5176470875740051,
        0.5176470875740051,
        0.5176470875740051,
        0.800000011920929
    ],
    "TitleBgActive": [
        0.5194805264472961,
        0.5194753408432007,
        0.5194753408432007,
        0.800000011920929
    ],
    "TitleBgCollapsed": [
        0.12999999523162842,
        0.12999999523162842,
        0.12999999523162842,
        0.5099999904632568
    ],
    "WindowBg": [
        0.8999999761581421,
        0.8999999761581421,
        0.8999999761581421,
        1.0
    ]
}