{
    "Border": [
        0.30000001192092896,
        0.10000000149011612,
        0.5,
        0.0
    ],
    "BorderShadow": [
        0.20000000298023224,
        0.0,
        0.4000000059604645,
        0.0
    ],
    "Button": [
        0.4000000059604645,
        0.20000000298023224,
        0.6000000238418579,
        1.0
    ],
    "ButtonActive": [
        0.5,
        0.30000001192092896,
        0.699999988079071,
        1.0
    ],
    "ButtonHovered": [
        0.44999998807907104,
        0.25,
        0.6499999761581421,
        1.0
    ],
    "CheckMark": [
        0.800000011920929,
        0.6000000238418579,
        1.0,
        1.0
    ],
    "ChildBg": [
        0.12276288866996765,
        0.07825391739606857,
        0.19004523754119873,
        1.0
    ],
    "CustomButton": [
        0.0,
        0.0,
        0.0,
        0.0
    ],
    "CustomButtonActive": [
        0.0,
        0.0,
        0.0,
        0.0
    ],
    "CustomButtonHovered": [
        0.0,
        0.0,
        0.0,
        0.0
    ],
    "DockingEmptyBg": [
        0.4000000059604645,
        0.20000000298023224,
        0.6000000238418579,
        1.0
    ],
    "DockingPreview": [
        0.5,
        0.30000001192092896,
        0.699999988079071,
        0.699999988079071
    ],
    "DragDropTarget": [
        0.550000011920929,
        0.3499999940395355,
        0.75,
        0.949999988079071
    ],
    "FrameBg": [
        0.30000001192092896,
        0.10000000149011612,
        0.5,
        0.5
    ],
    "FrameBgActive": [
        0.4000000059604645,
        0.20000000298023224,
        0.6000000238418579,
        0.699999988079071
    ],
    "FrameBgHovered": [
        0.3499999940395355,
        0.15000000596046448,
        0.550000011920929,
        0.4000000059604645
    ],
    "Header": [
        0.4000000059604645,
        0.20000000298023224,
        0.6000000238418579,
        1.0
    ],
    "HeaderActive": [
        0.4000000059604645,
        0.20000000298023224,
        0.6000000238418579,
        0.800000011920929
    ],
    "HeaderHovered": [
        0.3499999940395355,
        0.15000000596046448,
        0.550000011920929,
        0.800000011920929
    ],
    "MenuBarBg": [
        0.10000000149011612,
        0.05000000074505806,
        0.15000000596046448,
        1.0
    ],
    "ModalWindowDimBg": [
        0.07692307233810425,
        0.07692230492830276,
        0.07692230492830276,
        0.6832579374313354
    ],
    "NavHighlight": [
        0.483950138092041,
        0.33703240752220154,
        0.8009049892425537,
        1.0
    ],
    "NavWindowingDimBg": [
        0.10000000149011612,
        0.10000000149011612,
        0.10000000149011612,
        0.20000000298023224
    ],
    "NavWindowingHighlight": [
        0.699999988079071,
        0.4000000059604645,
        0.800000011920929,
        0.699999988079071
    ],
    "PlotHistogram": [
        0.5,
        0.30000001192092896,
        0.699999988079071,
        1.0
    ],
    "PlotHistogramHovered": [
        0.6000000238418579,
        0.4000000059604645,
        0.800000011920929,
        1.0
    ],
    "PlotLines": [
        0.6000000238418579,
        0.4000000059604645,
        0.800000011920929,
        1.0
    ],
    "PlotLinesHovered": [
        0.800000011920929,
        0.800000011920929,
        0.800000011920929,
        1.0
    ],
    "PopupBg": [
        0.15000000596046448,
        0.10000000149011612,
        0.20000000298023224,
        0.9399999976158142
    ],
    "ResizeGrip": [
        0.30000001192092896,
        0.30000001192092896,
        0.30000001192092896,
        0.20000000298023224
    ],
    "ResizeGripActive": [
        0.30000001192092896,
        0.30000001192092896,
        0.30000001192092896,
        0.949999988079071
    ],
    "ResizeGripHovered": [
        0.30000001192092896,
        0.30000001192092896,
        0.30000001192092896,
        0.6700000166893005
    ],
    "ScrollbarBg": [
        0.10000000149011612,
        0.05000000074505806,
        0.15000000596046448,
        0.5299999713897705
    ],
    "ScrollbarGrab": [
        0.20000000298023224,
        0.10000000149011612,
        0.4000000059604645,
        1.0
    ],
    "ScrollbarGrabActive": [
        0.20000000298023224,
        0.10000000149011612,
        0.4000000059604645,
        1.0
    ],
    "ScrollbarGrabHovered": [
        0.25,
        0.15000000596046448,
        0.4000000059604645,
        1.0
    ],
    "Separator": [
        0.9999953508377075,
        0.9999899864196777,
        1.0,
        0.3710407018661499
    ],
    "SeparatorActive": [
        0.9999960660934448,
        0.9999899864196777,
        1.0,
        1.0
    ],
    "SeparatorHovered": [
        0.9999937415122986,
        0.9999899864196777,
        1.0,
        0.7420814037322998
    ],
    "SliderGrab": [
        0.4000000059604645,
        0.10000000149011612,
        0.6000000238418579,
        1.0
    ],
    "SliderGrabActive": [
        0.800000011920929,
        0.12999999523162842,
        1.0,
        1.0
    ],
    "Tab": [
        0.4000000059604645,
        0.10000000149011612,
        0.6000000238418579,
        0.6000000238418579
    ],
    "TabActive": [
        0.8999999761581421,
        0.3499999940395355,
        1.0,
        1.0
    ],
    "TabHovered": [
        0.800000011920929,
        0.30000001192092896,
        0.8999999761581421,
        0.800000011920929
    ],
    "TabUnfocused": [
        0.4000000059604645,
        0.10000000149011612,
        0.6000000238418579,
        0.6000000238418579
    ],
    "TabUnfocusedActive": [
        0.800000011920929,
        0.30000001192092896,
        0.8999999761581421,
        0.800000011920929
    ],
    "TableBorderLight": [
        0.3799999952316284,
        0.07999999821186066,
        0.5699999928474426,
        1.0
    ],
    "TableBorderStrong": [
        0.5,
        0.10000000149011612,
        0.75,
        1.0
    ],
    "TableHeaderBg": [
        0.14000000059604645,
        0.07000000029802322,
        0.20999999344348907,
        1.0
    ],
    "TableRowBg": [
        0.0,
        0.0,
        0.0,
        0.0
    ],
    "TableRowBgAlt": [
        0.07000000029802322,
        0.029999999329447746,
        0.10000000149011612,
        0.11999999731779099
    ],
    "Text": [
        0.8600000143051147,
        0.8600000143051147,
        0.8600000143051147,
        1.0
    ],
    "TextDisabled": [
        0.5,
        0.5,
        0.5,
        1.0
    ],
    "TextSelectedBg": [
        0.6000000238418579,
        0.30000001192092896,
        0.800000011920929,
        0.6000000238418579
    ],
    "TitleBg": [
        0.07692307233810425,
        0.07692230492830276,
        0.07692230492830276,
        0.837104082107544
    ],
    "TitleBgActive": [
        0.1599999964237213,
        0.1599999964237213,
        0.1599999964237213,
        0.800000011920929
    ],
    "TitleBgCollapsed": [
        0.12999999523162842,
        0.12999999523162842,
        0.12999999523162842,
        0.5099999904632568
    ],
    "WindowBg": [
        0.04524841159582138,
        0.04524841159582138,
        0.04524886608123779,
        1.0
    ]
}
